Dataset,Run_ID,Variant,Model,Number_Users,Number_Items,Number_Interactions,Density,Sparsity,Avg_User_Degree,Avg_Item_Degree,rmse_mean,Precision@10_mean,Recall@10_mean,NDCG@10_mean,MRR@10_mean,Coverage@10_mean,CatalogItems_mean,UniqueRecItems@10_mean,ItemCV@10_mean,UserCoverage@10_mean,FixedEval_mean,FixedEvalUsers_mean,FixedEvalCandidates_mean,EEL@10_mean,RecGini_mean,RecEntropy_mean,1-Gini@10_mean,ARP@10_mean,APLT@10_mean,LTShare@10_mean,EPC@10_mean,EFD@10_mean,EPC_rel@10_mean,EFD_rel@10_mean,ILS_mean,Diversity_mean
MovieLens 20M,ml20m_addback_k50_from_k5_common_test_20260511_214112,kcore50_addback_from_kcore5_p10,BPR,125057,12015,8133515,0.00541310548989744,0.994586894510103,65.0384624611177,676.946733250104,,0.0210361419825125,0.210361419825125,0.107329012330099,0.0763731290135315,0.610845070422535,7100,4337,3.56270664610683,0.210361419825125,1,55697,55752697,0.00148204473495723,0.900573327968952,9.80967189228143,0.0994266720310484,10068.3457771514,0.00147801692445062,0.0564114763811336,0.911568163148337,10.0334403478177,0.0212533961250931,0.231951984777937,0.243672302507195,0.756327697492804
MovieLens 20M,ml20m_addback_k50_from_k5_common_test_20260511_214112,kcore50_addback_from_kcore5_p10,ItemKNN,125057,12015,8133515,0.00541310548989744,0.994586894510103,65.0384624611177,676.946733250104,,0.0216708260768084,0.216708260768084,0.111273434085746,0.0795740687067868,0.437605633802817,7100,3107,4.41906497150307,0.216708260768084,1,55697,55752697,0.00156648658548854,0.941522229811339,9.08335994009845,0.0584777701886608,11746.0194229492,0.000489534510376318,0.0133508088406916,0.897886257879553,9.61697708289057,0.0219013983100114,0.235709829207992,0.26953306852544,0.730466931474561
MovieLens 20M,ml20m_addback_k50_from_k5_common_test_20260511_214112,kcore50_addback_from_kcore5_p10,LightGCN,125057,12015,8133515,0.00541310548989744,0.994586894510103,65.0384624611177,676.946733250104,,0.0205585579115572,0.205585579115572,0.104004911087594,0.073542542828815,0.485845070422535,7100,3449.5,3.72117231742135,0.205585579115572,1,55697,55752697,0.00153626768396574,0.912783787631608,9.64463993350229,0.087216212368392,10567.8308858646,0.0010773263459594,0.0327046340018313,0.905958350831162,9.86550118998035,0.0204369266325905,0.220666706994854,0.251575611432944,0.748424388567056
MovieLens 20M,ml20m_addback_k50_from_k5_common_test_20260511_214112,kcore50_addback_from_kcore5_p10,MultiVAE,125057,12015,8133515,0.00541310548989744,0.994586894510103,65.0384624611177,676.946733250104,,0.0167675099197443,0.167675099197443,0.0855882446045591,0.0609445672745761,0.177535211267606,7100,1260.5,4.8987076335783,0.167675099197443,1,55697,55752697,0.00166541915875657,0.959455007944128,8.60866312281855,0.0405449920558718,12872.5912068873,0.000189501467844019,0.00372820798247661,0.886566151486734,9.41147823999023,0.0164778075942098,0.174440338658745,0.304343661964907,0.695656338035093
MovieLens 20M,ml20m_addback_k50_from_k5_common_test_20260511_214112,kcore50_addback_from_kcore5_p10,NeuMF,125057,12015,8133515,0.00541310548989744,0.994586894510103,65.0384624611177,676.946733250104,,0.0225604610661256,0.225604610661256,0.114073153798752,0.0805776991778931,0.741549295774648,7100,5265,2.68683694417197,0.225604610661256,1,55697,55752697,0.00142233347180255,0.846794658573908,10.4728356405532,0.153205341426092,7934.66714634541,0.00253393007263281,0.0998105822575722,0.932651798413422,10.5520202199809,0.0230852081688454,0.258211369679423,0.207258465968897,0.792741534031103
MovieLens 20M,ml20m_addback_k50_from_k5_common_test_20260511_214112,kcore50_addback_from_kcore5_p100,BPR,136674,13680,9977451,0.00533639048636415,0.994663609513636,73.0018218534615,729.345833333333,,0.021192344291434,0.21192344291434,0.10779984557819,0.0765347247336852,0.61387323943662,7100,4358.5,3.43169205651582,0.21192344291434,1,55697,55752697,0.00148105060642371,0.895530120341768,9.89167102078865,0.104469879658232,12632.3109691725,0.00174456590368811,0.0600499129217014,0.897342820171236,10.0666758700193,0.0209058458770372,0.233225775898877,0.205009259930227,0.794990740069774
MovieLens 20M,ml20m_addback_k50_from_k5_common_test_20260511_214112,kcore50_addback_from_kcore5_p100,ItemKNN,136674,13680,9977451,0.00533639048636415,0.994663609513636,73.0018218534615,729.345833333333,,0.0221232741440293,0.221232741440293,0.112724705724607,0.0801834315546903,0.446901408450704,7100,3173,4.17453873633108,0.221232741440293,1,55697,55752697,0.00155922961056954,0.935914656439622,9.22427095596843,0.0640853435603775,14507.9848070812,0.000686265283144083,0.016894985367255,0.883345309346054,9.67089273298564,0.0217719487940586,0.239787589005249,0.224347933586372,0.775652066413628
MovieLens 20M,ml20m_addback_k50_from_k5_common_test_20260511_214112,kcore50_addback_from_kcore5_p100,LightGCN,136674,13680,9977451,0.00533639048636415,0.994663609513636,73.0018218534615,729.345833333333,,0.0206833402158105,0.206833402158105,0.104993385169998,0.0744227197555025,0.531760563380282,7100,3775.5,3.56403526671897,0.206833402158105,1,55697,55752697,0.00151918182828791,0.906727581858268,9.74692870856368,0.0932724181417324,13272.1325197048,0.00126692293845037,0.0385550388710343,0.890488621241879,9.89929927367446,0.020203270690573,0.22331855680139,0.211929821429837,0.788070178570163
MovieLens 20M,ml20m_addback_k50_from_k5_common_test_20260511_214112,kcore50_addback_from_kcore5_p100,MultiVAE,136674,13680,9977451,0.00533639048636415,0.994663609513636,73.0018218534615,729.345833333333,,0.0174892723126919,0.174892723126919,0.0893784415285882,0.0636842705614363,0.248239436619718,7100,1762.5,4.51211399274242,0.174892723126919,1,55697,55752697,0.00163155865417597,0.949964266667194,8.90616204429772,0.0500357333328059,15757.9799504462,0.000307831930353665,0.00821049607698799,0.871532011071875,9.49076526638696,0.0167837744023231,0.182629878663376,0.25032471331383,0.74967528668617
MovieLens 20M,ml20m_addback_k50_from_k5_common_test_20260511_214112,kcore50_addback_from_kcore5_p100,NeuMF,136674,13680,9977451,0.00533639048636415,0.994663609513636,73.0018218534615,729.345833333333,,0.0223468050343825,0.223468050343825,0.11229652829131,0.0789043060653291,0.768239436619718,7100,5454.5,2.74114334863041,0.223468050343825,1,55697,55752697,0.0014065280717472,0.844393594162772,10.477539449264,0.155606405837228,10437.5014013322,0.0028807614245195,0.107975294899187,0.917688186263242,10.5337046876757,0.0222613669225456,0.253068759754557,0.180930670077098,0.819069329922902
MovieLens 20M,ml20m_addback_k50_from_k5_common_test_20260511_214112,kcore50_addback_from_kcore5_p25,BPR,135157,13289,8440837,0.00469953262487707,0.995300467375123,62.4520890519914,635.17473098051,,0.0208467242400847,0.208467242400847,0.105858329359444,0.075021730388716,0.596971830985916,7100,4238.5,3.56310972123183,0.208467242400847,1,55697,55752697,0.00149026918170085,0.90219002085478,9.79381912555824,0.0978099791452203,10556.4376833582,0.00134036618593894,0.0538844102913981,0.913978453386365,10.0224347953139,0.0210027393049435,0.228083225217757,0.234804724744089,0.765195275255911
MovieLens 20M,ml20m_addback_k50_from_k5_common_test_20260511_214112,kcore50_addback_from_kcore5_p25,ItemKNN,135157,13289,8440837,0.00469953262487707,0.995300467375123,62.4520890519914,635.17473098051,,0.0218755049643607,0.218755049643607,0.111901999592665,0.0797746793805827,0.44169014084507,7100,3136,4.33772397000504,0.218755049643607,1,55697,55752697,0.00156433891510702,0.939618912389888,9.1314416008783,0.0603810876101115,12127.2023968975,0.000517893306828494,0.0145519507334327,0.902409251655608,9.64112437323322,0.0221317480707885,0.237561689794494,0.257420969827815,0.742579030172185
MovieLens 20M,ml20m_addback_k50_from_k5_common_test_20260511_214112,kcore50_addback_from_kcore5_p25,LightGCN,135157,13289,8440837,0.00469953262487707,0.995300467375123,62.4520890519914,635.17473098051,,0.0204849453291919,0.204849453291919,0.10359721860524,0.0732258028203052,0.488521126760563,7100,3468.5,3.66324497220112,0.204849453291919,1,55697,55752697,0.00153713853156851,0.911809916684504,9.66797157755405,0.0881900833154959,10957.9569985816,0.00103286967731953,0.0337980501642817,0.909478078985954,9.87824186713173,0.0204407941401834,0.220162209089326,0.241131522680471,0.758868477319529
MovieLens 20M,ml20m_addback_k50_from_k5_common_test_20260511_214112,kcore50_addback_from_kcore5_p25,MultiVAE,135157,13289,8440837,0.00469953262487707,0.995300467375123,62.4520890519914,635.17473098051,,0.0172235488446415,0.172235488446415,0.0876136530252383,0.062226617460517,0.198239436619718,7100,1407.5,4.75308712012142,0.172235488446415,1,55697,55752697,0.00165489890313009,0.9559905671709,8.71672506672072,0.0440094328290997,13247.6580785321,0.000207031951596858,0.00482701043144155,0.891976469714296,9.4443785857728,0.0169628846974597,0.178946439825175,0.287712552837731,0.712287447162269
MovieLens 20M,ml20m_addback_k50_from_k5_common_test_20260511_214112,kcore50_addback_from_kcore5_p25,NeuMF,135157,13289,8440837,0.00469953262487707,0.995300467375123,62.4520890519914,635.17473098051,,0.0223800204678888,0.223800204678888,0.113234312491991,0.0800000235115681,0.726338028169014,7100,5157,2.83548893881793,0.223800204678888,1,55697,55752697,0.00142860235356421,0.854208731752047,10.3846317407852,0.145791268247953,8780.89061439575,0.0023837898396329,0.0961443165700128,0.930437409079779,10.4588387955598,0.0228626424395551,0.253925908721738,0.205159906566382,0.794840093433618
MovieLens 20M,ml20m_addback_k50_from_k5_common_test_20260511_214112,kcore50_addback_from_kcore5_p50,BPR,136592,13650,8953042,0.00480189551965351,0.995198104480347,65.5458738432705,655.900512820513,,0.0209409842540891,0.209409842540891,0.106438698785709,0.0755167450813087,0.605915492957746,7100,4302,3.49867477214262,0.209409842540891,1,55697,55752697,0.00148530009569615,0.898767866476728,9.84359570665528,0.101232133523272,11229.317295366,0.00150672247392567,0.0568334021581055,0.90937566789475,10.0432301498385,0.0209897699597167,0.230036094026395,0.22084124663921,0.77915875336079
MovieLens 20M,ml20m_addback_k50_from_k5_common_test_20260511_214112,kcore50_addback_from_kcore5_p50,ItemKNN,136592,13650,8953042,0.00480189551965351,0.995198104480347,65.5458738432705,655.900512820513,,0.022019139271415,0.22019139271415,0.112230309094742,0.0798236831883168,0.447183098591549,7100,3175,4.25393107695077,0.22019139271415,1,55697,55752697,0.00156160136397856,0.937538464534073,9.18272956105159,0.0624615354659269,12816.8985977701,0.000583184699927315,0.0157818194875846,0.897665885652635,9.66744874530341,0.0220559204937362,0.238717285200168,0.242431893704721,0.757568106295279
MovieLens 20M,ml20m_addback_k50_from_k5_common_test_20260511_214112,kcore50_addback_from_kcore5_p50,LightGCN,136592,13650,8953042,0.00480189551965351,0.995198104480347,65.5458738432705,655.900512820513,,0.0205136721906027,0.205136721906027,0.104064028966772,0.0737409020918456,0.503591549295775,7100,3575.5,3.59999883954651,0.205136721906027,1,55697,55752697,0.00152904099854071,0.909128412105023,9.71242271609079,0.0908715878949773,11653.0435983985,0.00110032238185431,0.0361258236529795,0.904510990008037,9.89820903552197,0.0203948412435066,0.221442699996572,0.227158331895139,0.772841668104861
MovieLens 20M,ml20m_addback_k50_from_k5_common_test_20260511_214112,kcore50_addback_from_kcore5_p50,MultiVAE,136592,13650,8953042,0.00480189551965351,0.995198104480347,65.5458738432705,655.900512820513,,0.0172675368511769,0.172675368511769,0.0879838366486902,0.0625724370039593,0.216056338028169,7100,1534,4.71355966679673,0.172675368511769,1,55697,55752697,0.00164816152333388,0.954244191977354,8.76853729581078,0.0457558080226456,14176.5035702102,0.000236349248361714,0.00632798894015836,0.88493926719421,9.45156371872963,0.0168719918261667,0.179717809660019,0.272034897171208,0.727965102828792
MovieLens 20M,ml20m_addback_k50_from_k5_common_test_20260511_214112,kcore50_addback_from_kcore5_p50,NeuMF,136592,13650,8953042,0.00480189551965351,0.995198104480347,65.5458738432705,655.900512820513,,0.022412338186976,0.22412338186976,0.113215297880785,0.0799117446979989,0.753380281690141,7100,5349,2.74105976120541,0.22412338186976,1,55697,55752697,0.00141459663011109,0.846364987923834,10.463127408922,0.153635012076166,9124.07477332711,0.00257864376915051,0.104840476147728,0.928558607055972,10.5299396082461,0.0227958931572888,0.255638279307874,0.192546872079248,0.807453127920752
MovieLens 20M,ml20m_addback_k50_from_k5_common_test_20260511_214112,kcore50_plain,BPR,55697,7100,7928633,0.0200497131486334,0.979950286851367,142.352963355297,1116.70887323944,,0.0222830673106271,0.222830673106271,0.114265808244824,0.0816157099738352,0.669507042253521,7100,4753.5,3.32802986857323,0.222830673106271,1,55697,55752697,0.00145669058517013,0.886457045629422,9.99933233304042,0.113542954370578,9277.73111567948,0.00382717080675119,0.0659891915183942,0.818371281636378,10.1477986015991,0.01995938118934,0.249981037512862,0.240037892589723,0.759962107410277
MovieLens 20M,ml20m_addback_k50_from_k5_common_test_20260511_214112,kcore50_plain,ItemKNN,55697,7100,7928633,0.0200497131486334,0.979950286851367,142.352963355297,1116.70887323944,,0.0215577140600032,0.215577140600032,0.110881755869501,0.0794010734384543,0.437323943661972,7100,3105,4.47541174244433,0.215577140600032,1,55697,55752697,0.00156533301543121,0.942928741958174,9.04672339514525,0.0570712580418262,11496.9433649927,0.00102734716129976,0.012860656767869,0.775750320829979,9.60024293212984,0.0187572073121536,0.234575321714493,0.279395773188522,0.720604226811478
MovieLens 20M,ml20m_addback_k50_from_k5_common_test_20260511_214112,kcore50_plain,LightGCN,55697,7100,7928633,0.0200497131486334,0.979950286851367,142.352963355297,1116.70887323944,,0.0215227031976588,0.215227031976588,0.109876603250858,0.0781992511351813,0.534366197183099,7100,3794,3.5234700936933,0.215227031976588,1,55697,55752697,0.00152028812461464,0.905092026854546,9.77446760767701,0.0949079731454536,9811.33073504857,0.0028043024491864,0.0400730739537138,0.806974363211027,9.9714711083959,0.0189191981505064,0.236480283766229,0.252770579384774,0.747229420615227
MovieLens 20M,ml20m_addback_k50_from_k5_common_test_20260511_214112,kcore50_plain,MultiVAE,55697,7100,7928633,0.0200497131486334,0.979950286851367,142.352963355297,1116.70887323944,,0.0162890281343699,0.162890281343699,0.0828386964603666,0.0588024817386363,0.184295774647887,7100,1308.5,5.20960123978912,0.162890281343699,1,55697,55752697,0.00166647970525087,0.962595478756145,8.43514619288927,0.037404521243855,12993.2273829829,0.00030996252254361,0.00375513941504929,0.744261693607683,9.341625391472,0.0130870125699558,0.167512427327092,0.320373409306335,0.679626590693666
MovieLens 20M,ml20m_addback_k50_from_k5_common_test_20260511_214112,kcore50_plain,NeuMF,55697,7100,7928633,0.0200497131486334,0.979950286851367,142.352963355297,1116.70887323944,,0.0230362497082428,0.230362497082428,0.116592855908821,0.0824289822397889,0.755633802816901,7100,5365,2.65325374463658,0.230362497082428,1,55697,55752697,0.00141145913854,0.84250282501876,10.5109126091344,0.15749717498124,7635.44802861914,0.00595166621369905,0.10485843043611,0.855116073216764,10.5785697382375,0.0212300710651957,0.264436169327102,0.21032650542106,0.78967349457894
Online Retail,online_retail_addback_k50_from_k5_common_test_20260511_214226,kcore50_addback_from_kcore5_p100_seed42,BPR,4078,3149,265075,0.0206418628425599,0.97935813715744,65.0012260912212,84.1775166719594,,0.0173241061130334,0.173241061130334,0.107889184936504,0.0878158583694916,0.301670406382448,1337,403.333333333333,4.24505241014078,0.173241061130334,1,1445,1442442,0.0174598430545449,0.933343927037929,6.84529438310432,0.0666560729620705,465.860092272203,2.26456833009675e-05,0.000253748558246828,0.879171060479136,9.16272574990244,0.0203754026819093,0.212260095764456,0.256965242058618,0.743034757941382
Online Retail,online_retail_addback_k50_from_k5_common_test_20260511_214226,kcore50_addback_from_kcore5_p100_seed42,ItemKNN,4078,3149,265075,0.0206418628425599,0.97935813715744,65.0012260912212,84.1775166719594,,0.0191003460207612,0.191003460207612,0.109157433021992,0.0840256494754765,0.714285714285714,1337,955,1.7820366362959,0.191003460207612,1,1445,1442442,0.00952594486423537,0.725147298217034,8.92082172448902,0.274852701782966,259.25107266436,0.0012217638404062,0.00865051903114187,0.93499946349524,10.1442402012151,0.0219706622643334,0.235012836489418,0.238006989768945,0.761993010231055
Online Retail,online_retail_addback_k50_from_k5_common_test_20260511_214226,kcore50_addback_from_kcore5_p100_seed42,LightGCN,4078,3149,265075,0.0206418628425599,0.97935813715744,65.0012260912212,84.1775166719594,,0.0185697808535179,0.185697808535179,0.114197454610549,0.0922845608831768,0.138868112690102,1337,185.666666666667,5.2783701240587,0.185697808535179,1,1445,1442442,0.0250927565625317,0.964576238872423,5.98159087359416,0.0354237611275769,511.589388696655,6.41093448986592e-06,9.22722029988466e-05,0.866763546623477,8.98405663241356,0.0213867283405291,0.222266179765559,0.266561851496353,0.733438148503647
Online Retail,online_retail_addback_k50_from_k5_common_test_20260511_214226,kcore50_addback_from_kcore5_p100_seed42,MultiVAE,4078,3149,265075,0.0206418628425599,0.97935813715744,65.0012260912212,84.1775166719594,,0.00782006920415225,0.0782006920415225,0.0341658681068077,0.0211299683272002,0.0513587634006482,1337,68.6666666666667,8.32249611482029,0.0782006920415225,1,1445,1442442,0.0328153910881013,0.986902178179465,4.4164205234778,0.0130978218205349,516.774948096886,0,0,0.866434921273673,8.96187745242873,0.00640790178175665,0.0660977718190387,0.246045537391535,0.753954462608465
Online Retail,online_retail_addback_k50_from_k5_common_test_20260511_214226,kcore50_addback_from_kcore5_p100_seed42,NeuMF,4078,3149,265075,0.0206418628425599,0.97935813715744,65.0012260912212,84.1775166719594,,0.0139100346020761,0.139100346020761,0.0712008344396848,0.0508508632211054,0.898529045125904,1337,1201.33333333333,1.26185764351626,0.139100346020761,1,1445,1442442,0.00777376745701035,0.580267654952291,9.5207561395087,0.419732345047709,260.369042675894,0.00103325408286962,0.00763552479815456,0.935294101533202,10.1963611755117,0.0140833848656263,0.149683512124903,0.201588175572857,0.798411824427143
Online Retail,online_retail_addback_k50_from_k5_common_test_20260511_214226,kcore50_addback_from_kcore5_p100_seed43,BPR,4078,3149,265075,0.0206418628425599,0.97935813715744,65.0012260912212,84.1775166719594,,0.0173241061130334,0.173241061130334,0.107889184936504,0.0878158583694916,0.301670406382448,1337,403.333333333333,4.24505241014078,0.173241061130334,1,1445,1442442,0.0174598430545449,0.933343927037929,6.84529438310432,0.0666560729620705,465.860092272203,2.26456833009675e-05,0.000253748558246828,0.879171060479136,9.16272574990244,0.0203754026819093,0.212260095764456,0.256965242058618,0.743034757941382
Online Retail,online_retail_addback_k50_from_k5_common_test_20260511_214226,kcore50_addback_from_kcore5_p100_seed43,ItemKNN,4078,3149,265075,0.0206418628425599,0.97935813715744,65.0012260912212,84.1775166719594,,0.0191003460207612,0.191003460207612,0.109157433021992,0.0840256494754765,0.714285714285714,1337,955,1.7820366362959,0.191003460207612,1,1445,1442442,0.00952594486423537,0.725147298217034,8.92082172448902,0.274852701782966,259.25107266436,0.0012217638404062,0.00865051903114187,0.93499946349524,10.1442402012151,0.0219706622643334,0.235012836489418,0.238006989768945,0.761993010231055
Online Retail,online_retail_addback_k50_from_k5_common_test_20260511_214226,kcore50_addback_from_kcore5_p100_seed43,LightGCN,4078,3149,265075,0.0206418628425599,0.97935813715744,65.0012260912212,84.1775166719594,,0.0185697808535179,0.185697808535179,0.114197454610549,0.0922845608831768,0.138868112690102,1337,185.666666666667,5.27823434892811,0.185697808535179,1,1445,1442442,0.0250927565625317,0.964574858585168,5.98164024090283,0.0354251414148319,511.582745098039,6.41093448986592e-06,9.22722029988466e-05,0.866764583089834,8.98407157058229,0.0213867283405291,0.222266179765559,0.266560436361632,0.733439563638368
Online Retail,online_retail_addback_k50_from_k5_common_test_20260511_214226,kcore50_addback_from_kcore5_p100_seed43,MultiVAE,4078,3149,265075,0.0206418628425599,0.97935813715744,65.0012260912212,84.1775166719594,,0.00782006920415225,0.0782006920415225,0.0341658681068077,0.0211299683272002,0.0513587634006482,1337,68.6666666666667,8.32249611482029,0.0782006920415225,1,1445,1442442,0.0328153910881013,0.986902178179465,4.4164205234778,0.0130978218205349,516.774948096886,0,0,0.866434921273673,8.96187745242873,0.00640790178175665,0.0660977718190387,0.246045537391535,0.753954462608465
Online Retail,online_retail_addback_k50_from_k5_common_test_20260511_214226,kcore50_addback_from_kcore5_p100_seed43,NeuMF,4078,3149,265075,0.0206418628425599,0.97935813715744,65.0012260912212,84.1775166719594,,0.0139100346020761,0.139100346020761,0.0712008344396848,0.0508508632211054,0.898529045125904,1337,1201.33333333333,1.26185764351626,0.139100346020761,1,1445,1442442,0.00777376745701035,0.580267654952291,9.5207561395087,0.419732345047709,260.369042675894,0.00103325408286962,0.00763552479815456,0.935294101533202,10.1963611755117,0.0140833848656263,0.149683512124903,0.201588175572857,0.798411824427143
Online Retail,online_retail_addback_k50_from_k5_common_test_20260511_214226,kcore50_addback_from_kcore5_p100_seed44,BPR,4078,3149,265075,0.0206418628425599,0.97935813715744,65.0012260912212,84.1775166719594,,0.0173241061130334,0.173241061130334,0.107889184936504,0.0878158583694916,0.301670406382448,1337,403.333333333333,4.24505241014078,0.173241061130334,1,1445,1442442,0.0174598430545449,0.933343927037929,6.84529438310432,0.0666560729620705,465.860092272203,2.26456833009675e-05,0.000253748558246828,0.879171060479136,9.16272574990244,0.0203754026819093,0.212260095764456,0.256965242058618,0.743034757941382
Online Retail,online_retail_addback_k50_from_k5_common_test_20260511_214226,kcore50_addback_from_kcore5_p100_seed44,ItemKNN,4078,3149,265075,0.0206418628425599,0.97935813715744,65.0012260912212,84.1775166719594,,0.0191003460207612,0.191003460207612,0.109157433021992,0.0840256494754765,0.714285714285714,1337,955,1.7820366362959,0.191003460207612,1,1445,1442442,0.00952594486423537,0.725147298217034,8.92082172448902,0.274852701782966,259.25107266436,0.0012217638404062,0.00865051903114187,0.93499946349524,10.1442402012151,0.0219706622643334,0.235012836489418,0.238006989768945,0.761993010231055
Online Retail,online_retail_addback_k50_from_k5_common_test_20260511_214226,kcore50_addback_from_kcore5_p100_seed44,LightGCN,4078,3149,265075,0.0206418628425599,0.97935813715744,65.0012260912212,84.1775166719594,,0.0185697808535179,0.185697808535179,0.114197454610549,0.0922845608831768,0.138868112690102,1337,185.666666666667,5.27823434892811,0.185697808535179,1,1445,1442442,0.0250927565625317,0.964574858585168,5.98164024090283,0.0354251414148319,511.582745098039,6.41093448986592e-06,9.22722029988466e-05,0.866764583089834,8.98407157058229,0.0213867283405291,0.222266179765559,0.266560436361632,0.733439563638368
Online Retail,online_retail_addback_k50_from_k5_common_test_20260511_214226,kcore50_addback_from_kcore5_p100_seed44,MultiVAE,4078,3149,265075,0.0206418628425599,0.97935813715744,65.0012260912212,84.1775166719594,,0.00782006920415225,0.0782006920415225,0.0341658681068077,0.0211299683272002,0.0513587634006482,1337,68.6666666666667,8.32249611482029,0.0782006920415225,1,1445,1442442,0.0328153910881013,0.986902178179465,4.4164205234778,0.0130978218205349,516.774948096886,0,0,0.866434921273673,8.96187745242873,0.00640790178175665,0.0660977718190387,0.246045537391535,0.753954462608465
Online Retail,online_retail_addback_k50_from_k5_common_test_20260511_214226,kcore50_addback_from_kcore5_p100_seed44,NeuMF,4078,3149,265075,0.0206418628425599,0.97935813715744,65.0012260912212,84.1775166719594,,0.0139100346020761,0.139100346020761,0.0712008344396848,0.0508508632211054,0.898529045125904,1337,1201.33333333333,1.26185764351626,0.139100346020761,1,1445,1442442,0.00777376745701035,0.580267654952291,9.5207561395087,0.419732345047709,260.369042675894,0.00103325408286962,0.00763552479815456,0.935294101533202,10.1963611755117,0.0140833848656263,0.149683512124903,0.201588175572857,0.798411824427143
Online Retail,online_retail_addback_k50_from_k5_common_test_20260511_214226,kcore50_addback_from_kcore5_p10_seed42,BPR,3693,2853,169449,0.0160826618580695,0.98391733814193,45.8838342810723,59.3932702418507,,0.0136101499423299,0.136101499423299,0.0679617574414108,0.047158144303473,0.106955871353777,1337,143,6.5025616335045,0.136101499423299,1,1445,1442442,0.0279005962603499,0.976358853981909,5.36051184091003,0.023641146018091,394.220507497117,0,0,0.88845128170829,8.69936674206756,0.0133499515892078,0.130620690986582,0.336152675234365,0.663847324765635
Online Retail,online_retail_addback_k50_from_k5_common_test_20260511_214226,kcore50_addback_from_kcore5_p10_seed42,ItemKNN,3693,2853,169449,0.0160826618580695,0.98391733814193,45.8838342810723,59.3932702418507,,0.0195847750865052,0.195847750865052,0.10922778127108,0.0828414895369913,0.720269259536275,1337,963,1.76140008432512,0.195847750865052,1,1445,1442442,0.00947014735942072,0.721041840820032,8.9423669166622,0.278958159179968,203.030034602076,0.00713577101887728,0.0719031141868512,0.943748464168745,9.8274956254511,0.0223989601906821,0.229285896260108,0.271085504081943,0.728914495918057
Online Retail,online_retail_addback_k50_from_k5_common_test_20260511_214226,kcore50_addback_from_kcore5_p10_seed42,LightGCN,3693,2853,169449,0.0160826618580695,0.98391733814193,45.8838342810723,59.3932702418507,,0.013840830449827,0.13840830449827,0.0515249862296849,0.0264102634517859,0.0610820244328098,1337,81.6666666666667,8.0256081846554,0.13840830449827,1,1445,1442442,0.0318077857708699,0.98581275195625,4.548951187089,0.0141872480437497,417.435294117647,0,0,0.881813465061363,8.60211752229394,0.0100996786189127,0.0986920022751758,0.341917308950711,0.658082691049289
Online Retail,online_retail_addback_k50_from_k5_common_test_20260511_214226,kcore50_addback_from_kcore5_p10_seed42,MultiVAE,3693,2853,169449,0.0160826618580695,0.98391733814193,45.8838342810723,59.3932702418507,,0.00405997693194925,0.0405997693194925,0.0265906787143842,0.0223999011369254,0.0511094490152082,1337,68.3333333333333,8.35198920046109,0.0405997693194925,1,1445,1442442,0.0330265902045792,0.986969984790869,4.42043471043931,0.0130300152091315,355.920092272203,0,0,0.901060620363877,8.87684791061488,0.00523596663508875,0.0512828530180074,0.302665666990909,0.697334333009091
Online Retail,online_retail_addback_k50_from_k5_common_test_20260511_214226,kcore50_addback_from_kcore5_p10_seed42,NeuMF,3693,2853,169449,0.0160826618580695,0.98391733814193,45.8838342810723,59.3932702418507,,0.011603229527105,0.11603229527105,0.0587230741887969,0.0414412039325534,0.819247070555971,1337,1095.33333333333,1.64167297875164,0.11603229527105,1,1445,1442442,0.0084609396960415,0.67145160497208,9.15509481451572,0.32854839502792,218.573448673587,0.00674566915588225,0.0689273356401384,0.939114754823317,9.74277045699547,0.011937292436156,0.121136762093806,0.254425832127268,0.745574167872732
Online Retail,online_retail_addback_k50_from_k5_common_test_20260511_214226,kcore50_addback_from_kcore5_p10_seed43,BPR,3683,2835,169449,0.0162287185366197,0.98377128146338,46.0084170513169,59.7703703703704,,0.013840830449827,0.13840830449827,0.0737527324403699,0.0540139323703338,0.113687359760658,1337,152,6.12671585825353,0.13840830449827,1,1445,1442442,0.0272039039898496,0.974454471656142,5.52487995953349,0.0255455283438576,386.343414071511,0,0,0.890645636846995,8.73328498984459,0.0144818883647405,0.14175402481362,0.336081995855942,0.663918004144058
Online Retail,online_retail_addback_k50_from_k5_common_test_20260511_214226,kcore50_addback_from_kcore5_p10_seed43,ItemKNN,3683,2835,169449,0.0162287185366197,0.98377128146338,46.0084170513169,59.7703703703704,,0.02,0.2,0.111317216598413,0.0843892458944362,0.716529543754675,1337,958,1.75458529497892,0.2,1,1445,1442442,0.00946635390215988,0.720321020308274,8.94641333290012,0.279678979691726,203.464636678201,0.00720958114336651,0.0732179930795848,0.943491251228136,9.82571384768255,0.0228370154195025,0.234017155624838,0.269878916332293,0.730121083667707
Online Retail,online_retail_addback_k50_from_k5_common_test_20260511_214226,kcore50_addback_from_kcore5_p10_seed43,LightGCN,3683,2835,169449,0.0162287185366197,0.98377128146338,46.0084170513169,59.7703703703704,,0.0152479815455594,0.152479815455594,0.0742149135389287,0.0505247981545559,0.0727998005484917,1337,97.3333333333333,7.32756296868465,0.152479815455594,1,1445,1442442,0.0306974669473846,0.982688126682673,4.89483137940235,0.0173118733173266,408.123321799308,0,0,0.884635949385818,8.64372625608901,0.0145457029091946,0.142204912431496,0.345970723004327,0.654029276995673
Online Retail,online_retail_addback_k50_from_k5_common_test_20260511_214226,kcore50_addback_from_kcore5_p10_seed43,MultiVAE,3683,2835,169449,0.0162287185366197,0.98377128146338,46.0084170513169,59.7703703703704,,0.00313725490196078,0.0313725490196078,0.0169286148623722,0.0127633144761172,0.049862877088008,1337,66.6666666666667,8.37766866198552,0.0313725490196078,1,1445,1442442,0.033271470247228,0.98708013171382,4.39955032403776,0.01291986828618,357.538385236448,0,0,0.901052201299872,8.87433277452831,0.00335004546338228,0.0329481586499293,0.294725509273886,0.705274490726114
Online Retail,online_retail_addback_k50_from_k5_common_test_20260511_214226,kcore50_addback_from_kcore5_p10_seed43,NeuMF,3683,2835,169449,0.0162287185366197,0.98377128146338,46.0084170513169,59.7703703703704,,0.0121107266435986,0.121107266435986,0.065122112862662,0.0482468281430219,0.822737471952132,1337,1100,1.64193617530426,0.121107266435986,1,1445,1442442,0.00846498062094203,0.678082056351892,9.13520713792988,0.321917943648108,219.653264129181,0.00629548379594181,0.0623068050749712,0.938680046787255,9.73176413349407,0.0131739417359265,0.133148200564264,0.25737329972334,0.742626700276659
Online Retail,online_retail_addback_k50_from_k5_common_test_20260511_214226,kcore50_addback_from_kcore5_p10_seed44,BPR,3678,2867,169449,0.016069397446672,0.983930602553328,46.0709624796085,59.1032438088594,,0.0139100346020761,0.139100346020761,0.071920459604942,0.0513276029365995,0.12415856394914,1337,166,5.75548259095751,0.139100346020761,1,1445,1442442,0.0264627806934975,0.970393010915394,5.7262086889198,0.0296069890846057,377.232156862745,0,0,0.893033277524685,8.76981990256581,0.0141174380066964,0.13821609455693,0.34296266132955,0.657037338670451
Online Retail,online_retail_addback_k50_from_k5_common_test_20260511_214226,kcore50_addback_from_kcore5_p10_seed44,ItemKNN,3678,2867,169449,0.016069397446672,0.983930602553328,46.0709624796085,59.1032438088594,,0.0195155709342561,0.195155709342561,0.111751903043523,0.0863049925852694,0.718773373223635,1337,961,1.75305187776172,0.195155709342561,1,1445,1442442,0.0094846463734684,0.720155696402302,8.94781255084121,0.279844303597698,203.322629757785,0.00708021280140925,0.0716262975778547,0.943408750986552,9.82411839276833,0.0229276873373871,0.235132311933381,0.270133688257616,0.729866311742384
Online Retail,online_retail_addback_k50_from_k5_common_test_20260511_214226,kcore50_addback_from_kcore5_p10_seed44,LightGCN,3678,2867,169449,0.016069397446672,0.983930602553328,46.0709624796085,59.1032438088594,,0.0154094579008074,0.154094579008074,0.0666212958026654,0.0404003039124146,0.0703066566940913,1337,94,7.51140696951625,0.154094579008074,1,1445,1442442,0.0307091290546677,0.983343659607269,4.79542744845442,0.016656340392731,408.404405997693,0,0,0.884225111299045,8.63996716400462,0.0130458900826987,0.127533151503071,0.345682288042796,0.654317711957204
Online Retail,online_retail_addback_k50_from_k5_common_test_20260511_214226,kcore50_addback_from_kcore5_p10_seed44,MultiVAE,3678,2867,169449,0.016069397446672,0.983930602553328,46.0709624796085,59.1032438088594,,0.00560553633217993,0.0560553633217993,0.0282301977186953,0.0196961791252449,0.0528546497132885,1337,70.6666666666667,8.48057671996662,0.0560553633217993,1,1445,1442442,0.0329988472426986,0.987321371418818,4.36664435340787,0.0126786285811819,340.541453287197,0,0,0.905213749074144,8.93168822123108,0.00554131870334099,0.0542391864079982,0.286865004025654,0.713134995974346
Online Retail,online_retail_addback_k50_from_k5_common_test_20260511_214226,kcore50_addback_from_kcore5_p10_seed44,NeuMF,3678,2867,169449,0.016069397446672,0.983930602553328,46.0709624796085,59.1032438088594,,0.0119723183391003,0.119723183391003,0.0600852806114236,0.0421630874572051,0.81151832460733,1337,1085,1.64488045336776,0.119723183391003,1,1445,1442442,0.00857248128494739,0.676032847385891,9.14039937772008,0.323967152614109,218.121337946943,0.00663446463787404,0.0665051903114187,0.93902914414309,9.74559752439096,0.0121693857280721,0.12317825076197,0.255881800591252,0.744118199408748
Online Retail,online_retail_addback_k50_from_k5_common_test_20260511_214226,kcore50_addback_from_kcore5_p25_seed42,BPR,4004,3080,185387,0.0150326134904057,0.984967386509594,46.3004495504495,60.1905844155844,,0.0138638985005767,0.138638985005767,0.0667388796697008,0.0450637117592135,0.117925704313139,1337,157.666666666667,6.2307589830235,0.138638985005767,1,1445,1442442,0.0269059072208489,0.973904289156287,5.51086148645327,0.0260957108437131,414.990495963091,4.2057135482741e-06,2.30680507497117e-05,0.891709032541077,8.76113708698453,0.0130764158453989,0.128046165416312,0.315129361718404,0.684870638281596
Online Retail,online_retail_addback_k50_from_k5_common_test_20260511_214226,kcore50_addback_from_kcore5_p25_seed42,ItemKNN,4004,3080,185387,0.0150326134904057,0.984967386509594,46.3004495504495,60.1905844155844,,0.0191003460207612,0.191003460207612,0.104926803419073,0.078664250013731,0.717277486910995,1337,959,1.76047648141091,0.191003460207612,1,1445,1442442,0.00951957889674153,0.721556653458978,8.94021356690018,0.278443346541022,211.582629757785,0.00542703753652839,0.0525259515570934,0.94590259514998,9.90004878104916,0.0215580493286586,0.221661928244015,0.261465259026404,0.738534740973596
Online Retail,online_retail_addback_k50_from_k5_common_test_20260511_214226,kcore50_addback_from_kcore5_p25_seed42,LightGCN,4004,3080,185387,0.0150326134904057,0.984967386509594,46.3004495504495,60.1905844155844,,0.0159861591695502,0.159861591695502,0.0701654684389888,0.0434778748100547,0.06282722513089,1337,84,7.84596727741611,0.159861591695502,1,1445,1442442,0.0314610711500361,0.985150041537928,4.63219750383996,0.0148499584620716,446.090911188005,0,0,0.883694416794989,8.64026359386658,0.0137140273411692,0.134098918038181,0.313971214471845,0.686028785528154
Online Retail,online_retail_addback_k50_from_k5_common_test_20260511_214226,kcore50_addback_from_kcore5_p25_seed42,MultiVAE,4004,3080,185387,0.0150326134904057,0.984967386509594,46.3004495504495,60.1905844155844,,0.00761245674740485,0.0761245674740484,0.0376896092670046,0.0258634957250874,0.0521067065569683,1337,69.6666666666667,8.37829898013031,0.0761245674740484,1,1445,1442442,0.0328075578349414,0.987083409896051,4.39802893472626,0.0129165901039493,380.201291810842,0,0,0.902077386280034,8.90878536506306,0.00742082901531974,0.0728100841730026,0.280066939318868,0.719933060681132
Online Retail,online_retail_addback_k50_from_k5_common_test_20260511_214226,kcore50_addback_from_kcore5_p25_seed42,NeuMF,4004,3080,185387,0.0150326134904057,0.984967386509594,46.3004495504495,60.1905844155844,,0.0112110726643599,0.112110726643599,0.0565047638131112,0.0398444737372073,0.852904512590376,1337,1140.33333333333,1.48031092046138,0.112110726643599,1,1445,1442442,0.00822209110766325,0.638510739066127,9.302865357275,0.361489260933873,220.063298731257,0.00582910622085115,0.0603921568627451,0.943832482491456,9.8838736885737,0.0114879502230253,0.117133391599444,0.235354766766312,0.764645233233688
Online Retail,online_retail_addback_k50_from_k5_common_test_20260511_214226,kcore50_addback_from_kcore5_p25_seed43,BPR,4027,3075,185387,0.014971059171729,0.985028940828271,46.0360069530668,60.2884552845528,,0.0139792387543253,0.139792387543253,0.0729979178707406,0.0526207868768422,0.107953128895537,1337,144.333333333333,6.13721399686872,0.139792387543253,1,1445,1442442,0.0274312487114607,0.974183348732073,5.52975844143681,0.0258166512679271,410.421522491349,0,0,0.89344554428118,8.7757997886896,0.0143181760508906,0.140174022306773,0.315927627785588,0.684072372214412
Online Retail,online_retail_addback_k50_from_k5_common_test_20260511_214226,kcore50_addback_from_kcore5_p25_seed43,ItemKNN,4027,3075,185387,0.014971059171729,0.985028940828271,46.0360069530668,60.2884552845528,,0.0196539792387543,0.196539792387543,0.10965835021817,0.0831902564947548,0.706806282722513,1337,945,1.75479329833478,0.196539792387543,1,1445,1442442,0.00958817801706856,0.721933575401145,8.93878600207534,0.278066424598855,212.336747404844,0.00563798741425024,0.0575086505190311,0.946087256780163,9.89763981342047,0.0225483896935278,0.232134457751242,0.25968959595105,0.74031040404895
Online Retail,online_retail_addback_k50_from_k5_common_test_20260511_214226,kcore50_addback_from_kcore5_p25_seed43,LightGCN,4027,3075,185387,0.014971059171729,0.985028940828271,46.0360069530668,60.2884552845528,,0.0152479815455594,0.152479815455594,0.0671703661504789,0.0413547902821259,0.0593368237347295,1337,79.3333333333333,7.96297262418983,0.152479815455594,1,1445,1442442,0.0317352961277775,0.985666130942585,4.56615832589568,0.0143338690574154,443.928212226067,0,0,0.88476671264687,8.64466349272414,0.0131371868511328,0.128357506089619,0.31929503074799,0.680704969252011
Online Retail,online_retail_addback_k50_from_k5_common_test_20260511_214226,kcore50_addback_from_kcore5_p25_seed43,MultiVAE,4027,3075,185387,0.014971059171729,0.985028940828271,46.0360069530668,60.2884552845528,,0.00839677047289504,0.0839677047289504,0.041611061171304,0.0287672323831493,0.0506108202443281,1337,67.6666666666667,8.43505499124369,0.0839677047289504,1,1445,1442442,0.0329111882564319,0.987237484460894,4.36974629935772,0.0127625155391065,380.572249134948,0,0,0.902526245842498,8.89885634446125,0.00814233560239034,0.0796053675582939,0.268287238991178,0.731712761008822
Online Retail,online_retail_addback_k50_from_k5_common_test_20260511_214226,kcore50_addback_from_kcore5_p25_seed43,NeuMF,4027,3075,185387,0.014971059171729,0.985028940828271,46.0360069530668,60.2884552845528,,0.0116493656286044,0.116493656286044,0.0582596374978112,0.040732868310723,0.842183994016455,1337,1126,1.53942788470358,0.116493656286044,1,1445,1442442,0.00829485679509907,0.647472392098143,9.2598490932017,0.352527607901857,224.068189158016,0.00554790330316773,0.0559861591695502,0.942925797474741,9.85250745705599,0.0118311464415143,0.120358984311293,0.237231209257659,0.762768790742341
Online Retail,online_retail_addback_k50_from_k5_common_test_20260511_214226,kcore50_addback_from_kcore5_p25_seed44,BPR,4015,3081,185387,0.014986562480927,0.985013437519073,46.173599003736,60.1710483609218,,0.0150865051903114,0.150865051903114,0.0860032195058085,0.0658743889712748,0.12590376464722,1337,168.333333333333,5.82435682903237,0.150865051903114,1,1445,1442442,0.0264350529496541,0.969753454815776,5.71660323953499,0.0302465451842242,403.378131487889,0,0,0.894808424772816,8.80474326389294,0.0168334493603663,0.164788661116731,0.318249239882028,0.681750760117972
Online Retail,online_retail_addback_k50_from_k5_common_test_20260511_214226,kcore50_addback_from_kcore5_p25_seed44,ItemKNN,4015,3081,185387,0.014986562480927,0.985013437519073,46.173599003736,60.1710483609218,,0.0193079584775087,0.193079584775086,0.107260853255765,0.0812385346295381,0.709050112191473,1337,948,1.74942841616554,0.193079584775086,1,1445,1442442,0.00958289014850619,0.720372470515705,8.94637388187624,0.279627529484295,212.026020761246,0.00541242112550829,0.0521107266435986,0.945936185059731,9.89697421804917,0.0220549602806672,0.227309401724742,0.259617611210925,0.740382388789075
Online Retail,online_retail_addback_k50_from_k5_common_test_20260511_214226,kcore50_addback_from_kcore5_p25_seed44,LightGCN,4015,3081,185387,0.014986562480927,0.985013437519073,46.173599003736,60.1710483609218,,0.0158246828143022,0.158246828143022,0.0857682284342308,0.0633045898097801,0.0745450012465719,1337,99.6666666666667,7.40246399980245,0.158246828143022,1,1445,1442442,0.0303980740957759,0.982259167910991,4.86828244217944,0.0177408320890091,435.030495963091,0,0,0.886925338571004,8.68452862735229,0.0167417931199857,0.163577861211715,0.316432303435316,0.683567696564684
Online Retail,online_retail_addback_k50_from_k5_common_test_20260511_214226,kcore50_addback_from_kcore5_p25_seed44,MultiVAE,4015,3081,185387,0.014986562480927,0.985013437519073,46.173599003736,60.1710483609218,,0.00643598615916955,0.0643598615916955,0.0398479590797867,0.0322608520532396,0.0511094490152082,1337,68.3333333333333,8.36754311281791,0.0643598615916955,1,1445,1442442,0.0329980395632349,0.987042277335851,4.4123587510416,0.0129577226641493,380.388811995386,0,0,0.903105489594688,8.92145544892652,0.0077920761285355,0.0761988725820315,0.283151752212211,0.716848247787789
Online Retail,online_retail_addback_k50_from_k5_common_test_20260511_214226,kcore50_addback_from_kcore5_p25_seed44,NeuMF,4015,3081,185387,0.014986562480927,0.985013437519073,46.173599003736,60.1710483609218,,0.0119492502883506,0.119492502883506,0.0600749452829797,0.0421094450852236,0.834704562453254,1337,1116,1.5789495869212,0.119492502883506,1,1445,1442442,0.00833549031625418,0.654922803121806,9.22578573860716,0.345077196878194,227.535870818916,0.00576590878254622,0.0561937716262976,0.94172513848607,9.82733710307141,0.0121872291709,0.124218400316511,0.2359841971465,0.764015802853501
Online Retail,online_retail_addback_k50_from_k5_common_test_20260511_214226,kcore50_addback_from_kcore5_p50_seed42,BPR,4074,3147,211950,0.0165316291130763,0.983468370886924,52.0250368188513,67.349857006673,,0.014878892733564,0.14878892733564,0.0880827122242221,0.0694271434063822,0.209174769384193,1337,279.666666666667,4.800194181387,0.14878892733564,1,1445,1442442,0.0213606281776867,0.952751421480115,6.38998132938433,0.0472485785198853,415.587012687428,1.31081338943501e-05,0.000207612456747405,0.892497614757308,8.97259188545389,0.0170062222692075,0.169612531998797,0.282990374116197,0.717009625883803
Online Retail,online_retail_addback_k50_from_k5_common_test_20260511_214226,kcore50_addback_from_kcore5_p50_seed42,ItemKNN,4074,3147,211950,0.0165316291130763,0.983468370886924,52.0250368188513,67.349857006673,,0.0190311418685121,0.190311418685121,0.105943060978456,0.0803435491843796,0.713537771129394,1337,954,1.76309331030903,0.190311418685121,1,1445,1442442,0.00955539343966054,0.722156974893372,8.93689476062065,0.277843025106628,226.391833910035,0.00405779413038715,0.0356401384083045,0.94310229133731,10.0011223117522,0.0216387897763438,0.225616788297667,0.248508732735312,0.751491267264689
Online Retail,online_retail_addback_k50_from_k5_common_test_20260511_214226,kcore50_addback_from_kcore5_p50_seed42,LightGCN,4074,3147,211950,0.0165316291130763,0.983468370886924,52.0250368188513,67.349857006673,,0.0167243367935409,0.167243367935409,0.095593413591769,0.0733232639461013,0.0770381451009723,1337,103,7.35609188954126,0.167243367935409,1,1445,1442442,0.030133519983109,0.982716974686303,4.89773499609255,0.0172830253136965,486.560899653979,0,0,0.874503415593324,8.70792744270014,0.0183247448959754,0.182025747102529,0.285739972033414,0.714260027966586
Online Retail,online_retail_addback_k50_from_k5_common_test_20260511_214226,kcore50_addback_from_kcore5_p50_seed42,MultiVAE,4074,3147,211950,0.0165316291130763,0.983468370886924,52.0250368188513,67.349857006673,,0.00544405997693195,0.0544405997693195,0.0199195273647088,0.00999084601160726,0.0528546497132885,1337,70.6666666666667,8.31862425517174,0.0544405997693195,1,1445,1442442,0.0327659445675479,0.986903938045715,4.41962452536173,0.0130960619542847,443.02,0,0,0.890218985160927,8.90804947894291,0.00386842057867629,0.0386003582598263,0.266473782119086,0.733526217880914
Online Retail,online_retail_addback_k50_from_k5_common_test_20260511_214226,kcore50_addback_from_kcore5_p50_seed42,NeuMF,4074,3147,211950,0.0165316291130763,0.983468370886924,52.0250368188513,67.349857006673,,0.0132179930795848,0.132179930795848,0.0675216040651775,0.0480502920122297,0.866616803789579,1337,1158.66666666667,1.43122952715482,0.132179930795848,1,1445,1442442,0.00801466570228416,0.617141442348366,9.37714908817608,0.382858557651634,236.318292964245,0.00426602849211917,0.0389388696655133,0.940694718381697,9.99125672379787,0.0136493135435536,0.141743004366608,0.217305028712115,0.782694971287885
Online Retail,online_retail_addback_k50_from_k5_common_test_20260511_214226,kcore50_addback_from_kcore5_p50_seed43,BPR,4077,3146,211950,0.0165247155012357,0.983475284498764,51.9867549668874,67.3712650985378,,0.0155709342560554,0.155709342560554,0.098296402429564,0.0804999908460116,0.161057092994266,1337,215.333333333333,5.45031644219319,0.155709342560554,1,1445,1442442,0.0241168719834589,0.964945396698781,5.96599629725767,0.0350546033012188,435.96431372549,1.12030268541646e-05,6.9204152249135e-05,0.88745284266662,8.89193387971718,0.0189132348243544,0.188208408887182,0.283294116030652,0.716705883969348
Online Retail,online_retail_addback_k50_from_k5_common_test_20260511_214226,kcore50_addback_from_kcore5_p50_seed43,ItemKNN,4077,3146,211950,0.0165247155012357,0.983475284498764,51.9867549668874,67.3712650985378,,0.0186851211072664,0.186851211072664,0.106108988101452,0.0813752952161257,0.712041884816754,1337,952,1.76847104948054,0.186851211072664,1,1445,1442442,0.00955526450657707,0.722812887396963,8.93285113588847,0.277187112603037,227.412179930796,0.00379810981657953,0.0331487889273356,0.942878294238679,9.99609260728513,0.0216723676802217,0.225980176109482,0.248195288475806,0.751804711524194
Online Retail,online_retail_addback_k50_from_k5_common_test_20260511_214226,kcore50_addback_from_kcore5_p50_seed43,LightGCN,4077,3146,211950,0.0165247155012357,0.983475284498764,51.9867549668874,67.3712650985378,,0.0168396770472895,0.168396770472895,0.09918312820368,0.0774929056589956,0.0807778608825729,1337,108,7.17663023964203,0.168396770472895,1,1445,1442442,0.0297398891231793,0.981864060684238,4.98971049777702,0.0181359393157616,481.474025374856,0,0,0.875791173459208,8.72301581750344,0.0190256068170373,0.188984971133686,0.291001629835671,0.708998370164329
Online Retail,online_retail_addback_k50_from_k5_common_test_20260511_214226,kcore50_addback_from_kcore5_p50_seed43,MultiVAE,4077,3146,211950,0.0165247155012357,0.983475284498764,51.9867549668874,67.3712650985378,,0.0079123414071511,0.079123414071511,0.0392339872628013,0.0274905256220135,0.0491149339316879,1337,65.6666666666667,8.46064955473591,0.079123414071511,1,1445,1442442,0.0331962884522539,0.987335243305731,4.36076597191836,0.0126647566942689,411.069181084198,0,0,0.896115128697525,9.00150777470505,0.00753069311879124,0.0748705099203464,0.243866383211074,0.756133616788926
Online Retail,online_retail_addback_k50_from_k5_common_test_20260511_214226,kcore50_addback_from_kcore5_p50_seed43,NeuMF,4077,3146,211950,0.0165247155012357,0.983475284498764,51.9867549668874,67.3712650985378,,0.0125490196078431,0.125490196078431,0.0645198200905571,0.0461446147086286,0.865120917476938,1337,1156.66666666667,1.44181757452184,0.125490196078431,1,1445,1442442,0.00805835540163087,0.621553150980079,9.3629669262679,0.378446849019921,235.5815455594,0.00451145891417208,0.0399538638985006,0.940755308368617,9.99054404667336,0.0129346543808651,0.133222004519237,0.218017072344808,0.781982927655192
Online Retail,online_retail_addback_k50_from_k5_common_test_20260511_214226,kcore50_addback_from_kcore5_p50_seed44,BPR,4071,3141,211950,0.0165754139102563,0.983424586089744,52.063375092115,67.4785100286533,,0.0152249134948097,0.152249134948097,0.0954737188352452,0.0779745885282218,0.159062577910745,1337,212.666666666667,5.51975581479543,0.152249134948097,1,1445,1442442,0.0243191706167521,0.965376460408528,5.93703993037591,0.0346235395914725,435.79414071511,0,0,0.887743802371296,8.89567838692499,0.0183935883589414,0.183024039454246,0.286734493425551,0.713265506574449
Online Retail,online_retail_addback_k50_from_k5_common_test_20260511_214226,kcore50_addback_from_kcore5_p50_seed44,ItemKNN,4071,3141,211950,0.0165754139102563,0.983424586089744,52.063375092115,67.4785100286533,,0.0193079584775087,0.193079584775086,0.108293877623439,0.0825179875871917,0.719521316379955,1337,962,1.76583680703364,0.193079584775086,1,1445,1442442,0.00949438258484516,0.721486879938236,8.93929958539809,0.278513120061764,226.965397923875,0.00388814678847394,0.0330103806228374,0.943018417689651,9.99886472023671,0.0221288316159818,0.231061404974051,0.248142851013195,0.751857148986805
Online Retail,online_retail_addback_k50_from_k5_common_test_20260511_214226,kcore50_addback_from_kcore5_p50_seed44,LightGCN,4071,3141,211950,0.0165754139102563,0.983424586089744,52.063375092115,67.4785100286533,,0.0155478662053057,0.155478662053057,0.0941169128602638,0.0748459383753501,0.0972326103216156,1337,130,6.28414970657294,0.155478662053057,1,1445,1442442,0.0284755837645639,0.976220790749225,5.41774315006305,0.0237792092507755,458.726989619377,0,0,0.881384023763074,8.80144961458186,0.0181040447126842,0.179971781603719,0.296862771740216,0.703137228259784
Online Retail,online_retail_addback_k50_from_k5_common_test_20260511_214226,kcore50_addback_from_kcore5_p50_seed44,MultiVAE,4071,3141,211950,0.0165754139102563,0.983424586089744,52.063375092115,67.4785100286533,,0.00816608996539792,0.0816608996539792,0.0503318600087378,0.0403378737115761,0.0506108202443281,1337,67.6666666666667,8.34651381381894,0.0816608996539792,1,1445,1442442,0.0328301165025709,0.986991034171508,4.39767432246916,0.0130089658284923,432.881061130335,0,0,0.890839259130173,8.919458699914,0.00970112266208141,0.0964923360292877,0.258857429795977,0.741142570204023
Online Retail,online_retail_addback_k50_from_k5_common_test_20260511_214226,kcore50_addback_from_kcore5_p50_seed44,NeuMF,4071,3141,211950,0.0165754139102563,0.983424586089744,52.063375092115,67.4785100286533,,0.0125951557093426,0.125951557093426,0.065625883689101,0.0474789000567547,0.865868860633259,1337,1157.66666666667,1.36091503069654,0.125951557093426,1,1445,1442442,0.00807552255758054,0.612861965235686,9.40600132811355,0.387138034764314,229.594117647059,0.00457661967210049,0.040876585928489,0.942491341679423,10.0258407704604,0.0132734876110914,0.137753302727339,0.218375522931903,0.781624477068097
Online Retail,online_retail_addback_k50_from_k5_common_test_20260511_214226,kcore50_plain,BPR,1445,1337,158824,0.0822085286224129,0.917791471377587,109.912802768166,118.791323859387,,0.014878892733564,0.14878892733564,0.0805540112606466,0.0598202156679665,0.432809773123909,1337,578.666666666667,3.31540093802854,0.14878892733564,1,1445,1442442,0.0140108182393649,0.892329968020387,7.53585706266837,0.107670031979613,292.344083044983,0.00253822829084141,0.0123414071510957,0.789763298184466,9.1173691941974,0.0136772671109673,0.158886399510393,0.323095150972026,0.676904849027974
Online Retail,online_retail_addback_k50_from_k5_common_test_20260511_214226,kcore50_plain,ItemKNN,1445,1337,158824,0.0822085286224129,0.917791471377587,109.912802768166,118.791323859387,,0.0201384083044983,0.201384083044983,0.114553443859881,0.0881268193551931,0.716529543754675,1337,958,1.75489181763513,0.201384083044983,1,1445,1442442,0.00948291166589066,0.721617317083836,8.94134820140431,0.278382682916164,197.613425605536,0.0197911925201589,0.0833910034602076,0.860022594341618,9.76901616927137,0.0210165146235109,0.239618500307045,0.278878144782264,0.721121855217736
Online Retail,online_retail_addback_k50_from_k5_common_test_20260511_214226,kcore50_plain,LightGCN,1445,1337,158824,0.0822085286224129,0.917791471377587,109.912802768166,118.791323859387,,0.013517877739331,0.13517877739331,0.0718854681683486,0.0526171252814851,0.304412864622289,1337,407,3.82552498199499,0.13517877739331,1,1445,1442442,0.0174957246170236,0.926819861298299,7.02102961159537,0.0731801387017012,307.670080738178,0.00177402660636817,0.00991926182237601,0.778688348338522,9.02611589120452,0.011956281239873,0.13974525666077,0.340760853719742,0.659239146280258
Online Retail,online_retail_addback_k50_from_k5_common_test_20260511_214226,kcore50_plain,MultiVAE,1445,1337,158824,0.0822085286224129,0.917791471377587,109.912802768166,118.791323859387,,0.00620530565167243,0.0620530565167243,0.023651516418172,0.0123165083026675,0.0466217900772875,1337,62.3333333333333,8.50907718797009,0.0620530565167243,1,1445,1442442,0.0331760980288752,0.987531761703666,4.34341613509946,0.0124682382963338,299.759469434833,0,0,0.793642366893352,9.07326738153198,0.00394016865514364,0.0459437555886444,0.278892028161741,0.721107971838259
Online Retail,online_retail_addback_k50_from_k5_common_test_20260511_214226,kcore50_plain,NeuMF,1445,1337,158824,0.0822085286224129,0.917791471377587,109.912802768166,118.791323859387,,0.0127104959630911,0.127104959630911,0.0643918341747207,0.0455453030885557,0.803789578658689,1337,1074.66666666667,1.6634259502993,0.127104959630911,1,1445,1442442,0.00862252677928393,0.68354233470407,9.1100782045219,0.31645766529593,215.837208765859,0.0157140074837181,0.0593079584775087,0.846341519587191,9.64148583623904,0.0115013129577112,0.131874069349388,0.265207289328574,0.734792710671426
Steam,steam_addback_k50_from_k5_common_test_20260511_214420,kcore50_addback_from_kcore5_p100_seed42,BPR,281205,11961,3484678,0.00103602950706895,0.998963970492931,12.3919489340517,291.336677535323,,0.0113026444662096,0.113026444662096,0.0644952899320181,0.0498461929118149,0.602741767247802,2237,1348.33333333333,3.56562757297347,0.113026444662096,1,5105,5110105,0.00548017042615972,0.883417909491461,8.27207629491437,0.116582090508539,7376.00715638263,0.000115370062513008,0.0284035259549461,0.97093978108208,9.29165741863264,0.0134627274252269,0.117420575407563,0.0724610617263549,0.927538938273645
Steam,steam_addback_k50_from_k5_common_test_20260511_214420,kcore50_addback_from_kcore5_p100_seed42,ItemKNN,281205,11961,3484678,0.00103602950706895,0.998963970492931,12.3919489340517,291.336677535323,,0.0155337904015671,0.155337904015671,0.0880046521035896,0.0677086734138644,0.566830576665177,2237,1268,3.67232758095885,0.155337904015671,1,5105,5110105,0.00566175935746559,0.895292185516715,8.14586472205024,0.104707814483285,7290.36912830558,0.000138367453946879,0.0314789422135162,0.971716949263845,9.3000975580281,0.0185448968345148,0.168241151218179,0.0727593856648693,0.92724061433513
Steam,steam_addback_k50_from_k5_common_test_20260511_214420,kcore50_addback_from_kcore5_p100_seed42,LightGCN,281205,11961,3484678,0.00103602950706895,0.998963970492931,12.3919489340517,291.336677535323,,0.0116552399608227,0.116552399608227,0.0675700387588894,0.0527353357275003,0.59499329459097,2237,1331,3.60003097417681,0.116552399608227,1,5105,5110105,0.00564303294846903,0.885339586752951,8.25591254787938,0.114660413247049,7650.44007182501,4.25199247774425e-05,0.00789422135161606,0.969173212117528,9.11361092728577,0.0140865871666633,0.12221271250698,0.071256551896014,0.928743448103986
Steam,steam_addback_k50_from_k5_common_test_20260511_214420,kcore50_addback_from_kcore5_p100_seed42,MultiVAE,281205,11961,3484678,0.00103602950706895,0.998963970492931,12.3919489340517,291.336677535323,,0.0112569376428338,0.112569376428338,0.0637456137286489,0.0488985018319005,0.360154969453137,2237,805.666666666667,4.01972790252051,0.112569376428338,1,5105,5110105,0.00668231142189843,0.925717920977272,7.74440169147912,0.0742820790227278,8068.13894874306,3.92765085318528e-05,0.00965719882468168,0.968154722578089,8.96564017862149,0.0132858239582127,0.113895844303059,0.0773794880376537,0.922620511962346
Steam,steam_addback_k50_from_k5_common_test_20260511_214420,kcore50_addback_from_kcore5_p100_seed42,NeuMF,281205,11961,3484678,0.00103602950706895,0.998963970492931,12.3919489340517,291.336677535323,,0.00911524649036892,0.0911524649036892,0.0517615284300875,0.0399423482528282,0.950976009536582,2237,2127.33333333333,2.05670507040539,0.0911524649036892,1,5105,5110105,0.00426331842580149,0.67413116681995,9.76834137776469,0.32586883318005,5081.83623245184,0.000287175324940967,0.0547633039503755,0.980619423012522,10.1653229728252,0.0108325179968638,0.0970862686040403,0.0511756214117652,0.948824378588235
Steam,steam_addback_k50_from_k5_common_test_20260511_214420,kcore50_addback_from_kcore5_p100_seed43,BPR,281205,11961,3484678,0.00103602950706895,0.998963970492931,12.3919489340517,291.336677535323,,0.0113026444662096,0.113026444662096,0.0644952899320181,0.0498461929118149,0.602741767247802,2237,1348.33333333333,3.56562757297347,0.113026444662096,1,5105,5110105,0.00548017042615972,0.883417909491461,8.27207629491437,0.116582090508539,7376.00715638263,0.000115370062513008,0.0284035259549461,0.97093978108208,9.29165741863264,0.0134627274252269,0.117420575407563,0.0724610617263549,0.927538938273645
Steam,steam_addback_k50_from_k5_common_test_20260511_214420,kcore50_addback_from_kcore5_p100_seed43,ItemKNN,281205,11961,3484678,0.00103602950706895,0.998963970492931,12.3919489340517,291.336677535323,,0.0155337904015671,0.155337904015671,0.0880046521035896,0.0677086734138644,0.566830576665177,2237,1268,3.67232758095885,0.155337904015671,1,5105,5110105,0.00566175935746559,0.895292185516715,8.14586472205024,0.104707814483285,7290.36912830558,0.000138367453946879,0.0314789422135162,0.971716949263845,9.3000975580281,0.0185448968345148,0.168241151218179,0.0727593856648693,0.92724061433513
Steam,steam_addback_k50_from_k5_common_test_20260511_214420,kcore50_addback_from_kcore5_p100_seed43,LightGCN,281205,11961,3484678,0.00103602950706895,0.998963970492931,12.3919489340517,291.336677535323,,0.0116552399608227,0.116552399608227,0.0675700387588894,0.0527353357275003,0.59499329459097,2237,1331,3.60003097417681,0.116552399608227,1,5105,5110105,0.00564303294846903,0.885339586752951,8.25591254787938,0.114660413247049,7650.44007182501,4.25199247774425e-05,0.00789422135161606,0.969173218157897,9.11361190504248,0.0140865871666633,0.12221271250698,0.071256551896014,0.928743448103986
Steam,steam_addback_k50_from_k5_common_test_20260511_214420,kcore50_addback_from_kcore5_p100_seed43,MultiVAE,281205,11961,3484678,0.00103602950706895,0.998963970492931,12.3919489340517,291.336677535323,,0.0112569376428338,0.112569376428338,0.0637456137286489,0.0488985018319005,0.360154969453137,2237,805.666666666667,4.01972790252051,0.112569376428338,1,5105,5110105,0.00668231142189843,0.925717920977272,7.74440169147912,0.0742820790227278,8068.13894874306,3.92765085318528e-05,0.00965719882468168,0.968154722578089,8.96564017862149,0.0132858239582127,0.113895844303059,0.0773794880376537,0.922620511962346
Steam,steam_addback_k50_from_k5_common_test_20260511_214420,kcore50_addback_from_kcore5_p100_seed43,NeuMF,281205,11961,3484678,0.00103602950706895,0.998963970492931,12.3919489340517,291.336677535323,,0.00911524649036892,0.0911524649036892,0.0517615284300875,0.0399423482528282,0.950976009536582,2237,2127.33333333333,2.05670507040539,0.0911524649036892,1,5105,5110105,0.00426331842580149,0.67413116681995,9.76834137776469,0.32586883318005,5081.83623245184,0.000287175324940967,0.0547633039503755,0.980619423012522,10.1653229728252,0.0108325179968638,0.0970862686040403,0.0511756214117652,0.948824378588235
Steam,steam_addback_k50_from_k5_common_test_20260511_214420,kcore50_addback_from_kcore5_p100_seed44,BPR,281205,11961,3484678,0.00103602950706895,0.998963970492931,12.3919489340517,291.336677535323,,0.0113026444662096,0.113026444662096,0.0644952899320181,0.0498461929118149,0.602741767247802,2237,1348.33333333333,3.56562757297347,0.113026444662096,1,5105,5110105,0.00548017042615972,0.883417909491461,8.27207629491437,0.116582090508539,7376.00715638263,0.000115370062513008,0.0284035259549461,0.97093978108208,9.29165741863264,0.0134627274252269,0.117420575407563,0.0724610617263549,0.927538938273645
Steam,steam_addback_k50_from_k5_common_test_20260511_214420,kcore50_addback_from_kcore5_p100_seed44,ItemKNN,281205,11961,3484678,0.00103602950706895,0.998963970492931,12.3919489340517,291.336677535323,,0.0155337904015671,0.155337904015671,0.0880046521035896,0.0677086734138644,0.566830576665177,2237,1268,3.67232758095885,0.155337904015671,1,5105,5110105,0.00566175935746559,0.895292185516715,8.14586472205024,0.104707814483285,7290.36912830558,0.000138367453946879,0.0314789422135162,0.971716949263845,9.3000975580281,0.0185448968345148,0.168241151218179,0.0727593856648693,0.92724061433513
Steam,steam_addback_k50_from_k5_common_test_20260511_214420,kcore50_addback_from_kcore5_p100_seed44,LightGCN,281205,11961,3484678,0.00103602950706895,0.998963970492931,12.3919489340517,291.336677535323,,0.0116552399608227,0.116552399608227,0.0675700387588894,0.0527353357275003,0.59499329459097,2237,1331,3.60003097417681,0.116552399608227,1,5105,5110105,0.00564303294846903,0.885339586752951,8.25591254787938,0.114660413247049,7650.44007182501,4.25199247774425e-05,0.00789422135161606,0.969173218084059,9.11361167341045,0.0140865871666633,0.12221271250698,0.071256551896014,0.928743448103986
Steam,steam_addback_k50_from_k5_common_test_20260511_214420,kcore50_addback_from_kcore5_p100_seed44,MultiVAE,281205,11961,3484678,0.00103602950706895,0.998963970492931,12.3919489340517,291.336677535323,,0.0112569376428338,0.112569376428338,0.0637456137286489,0.0488985018319005,0.360154969453137,2237,805.666666666667,4.01972790252051,0.112569376428338,1,5105,5110105,0.00668231142189843,0.925717920977272,7.74440169147912,0.0742820790227278,8068.13894874306,3.92765085318528e-05,0.00965719882468168,0.968154722578089,8.96564017862149,0.0132858239582127,0.113895844303059,0.0773794880376537,0.922620511962346
Steam,steam_addback_k50_from_k5_common_test_20260511_214420,kcore50_addback_from_kcore5_p100_seed44,NeuMF,281205,11961,3484678,0.00103602950706895,0.998963970492931,12.3919489340517,291.336677535323,,0.00911524649036892,0.0911524649036892,0.0517615284300875,0.0399423482528282,0.950976009536582,2237,2127.33333333333,2.05670507040539,0.0911524649036892,1,5105,5110105,0.00426331842580149,0.67413116681995,9.76834137776469,0.32586883318005,5081.83623245184,0.000287175324940967,0.0547633039503755,0.980619423012522,10.1653229728252,0.0108325179968638,0.0970862686040403,0.0511756214117652,0.948824378588235
Steam,steam_addback_k50_from_k5_common_test_20260511_214420,kcore50_addback_from_kcore5_p10_seed42,BPR,169138,10416,775231,0.000440036770708633,0.999559963229291,4.58342300370112,74.4269393241167,,0.0117531831537708,0.117531831537708,0.0682598650251743,0.0533082256735538,0.106541499031441,2237,238.333333333333,6.30216596360763,0.117531831537708,1,5105,5110105,0.00812238929615425,0.976525181003677,6.10765612392837,0.0234748189963228,2279.54133202742,1.56270296640638e-06,0.000626836434867777,0.985098566387611,8.37848754450109,0.0147352596388554,0.120211545346011,0.216368353259671,0.783631646740328
Steam,steam_addback_k50_from_k5_common_test_20260511_214420,kcore50_addback_from_kcore5_p10_seed42,ItemKNN,169138,10416,775231,0.000440036770708633,0.999559963229291,4.58342300370112,74.4269393241167,,0.0147502448579824,0.147502448579824,0.0810442223576601,0.0609599987562769,0.51184622261958,2237,1145,4.09345566303141,0.147502448579824,1,5105,5110105,0.0058741632332586,0.90984863682949,7.88720974766834,0.0901513631705096,1709.23439764936,7.47029910502461e-05,0.0364740450538688,0.9892125930082,9.10731664219514,0.0175664019678049,0.152257890126505,0.183219971036847,0.816780028963153
Steam,steam_addback_k50_from_k5_common_test_20260511_214420,kcore50_addback_from_kcore5_p10_seed42,LightGCN,169138,10416,775231,0.000440036770708633,0.999559963229291,4.58342300370112,74.4269393241167,,0.0105060398302318,0.105060398302318,0.0597071729313518,0.0459999015385891,0.0941737445984205,2237,210.666666666667,6.18058476483122,0.105060398302318,1,5105,5110105,0.00827734559977102,0.975921946674552,6.16001978120231,0.0240780533254484,2123.3656676461,1.09830782728626e-07,0.000117531831537708,0.986357189625571,8.48348408568723,0.0128972158274419,0.105913141205358,0.202855451516789,0.797144548483211
Steam,steam_addback_k50_from_k5_common_test_20260511_214420,kcore50_addback_from_kcore5_p10_seed42,MultiVAE,169138,10416,775231,0.000440036770708633,0.999559963229291,4.58342300370112,74.4269393241167,,0.0118119490695397,0.118119490695397,0.0672650022006743,0.0518523441589063,0.12621069885263,2237,282.333333333333,5.15315026228861,0.118119490695397,1,5105,5110105,0.00803003395370537,0.965190484259067,6.70523436349088,0.0348095157409334,1982.13211230819,7.53694788739039e-06,0.00319947763630428,0.987343043652939,8.66182164669125,0.0145374387810469,0.120118291716477,0.200758294830584,0.799241705169416
Steam,steam_addback_k50_from_k5_common_test_20260511_214420,kcore50_addback_from_kcore5_p10_seed42,NeuMF,169138,10416,775231,0.000440036770708633,0.999559963229291,4.58342300370112,74.4269393241167,,0.00904995102840352,0.0904995102840353,0.0508245162857691,0.0388721245381383,0.914468782595738,2237,2045.66666666667,2.36128977909592,0.0904995102840353,1,5105,5110105,0.00439940060907816,0.71932500779704,9.50254622824783,0.28067499220296,1216.66721514855,0.000263125865584152,0.105537055174665,0.992213394568305,9.89512608790323,0.0109999717190246,0.0947385552190135,0.124473470415448,0.875526529584551
Steam,steam_addback_k50_from_k5_common_test_20260511_214420,kcore50_addback_from_kcore5_p10_seed43,BPR,168845,10378,775231,0.000442414406094309,0.999557585593906,4.59137670644674,74.6994603969936,,0.0123930786810317,0.123930786810317,0.0712220541889229,0.0552433810612067,0.0722694084339145,2237,161.666666666667,7.37690543105968,0.123930786810317,1,5105,5110105,0.00837885750244174,0.983363014017465,5.5784191108221,0.0166369859825348,2504.10209598433,2.06507605730226e-07,0.000137120470127326,0.983588081399707,8.19811017001476,0.015372049203471,0.124989771117634,0.234678215477178,0.765321784522822
Steam,steam_addback_k50_from_k5_common_test_20260511_214420,kcore50_addback_from_kcore5_p10_seed43,ItemKNN,168845,10378,775231,0.000442414406094309,0.999557585593906,4.59137670644674,74.6994603969936,,0.0145935357492654,0.145935357492654,0.0812463612190129,0.0617271427016775,0.518551631649531,2237,1160,4.10190826746041,0.145935357492654,1,5105,5110105,0.00581870823874757,0.909277930557054,7.88892519413443,0.0907220694429457,1705.08242899119,7.77879774285585e-05,0.0368854064642507,0.989217175520923,9.10762769380563,0.0176099594062682,0.152418568504554,0.183625186766372,0.816374813233628
Steam,steam_addback_k50_from_k5_common_test_20260511_214420,kcore50_addback_from_kcore5_p10_seed43,LightGCN,168845,10378,775231,0.000442414406094309,0.999557585593906,4.59137670644674,74.6994603969936,,0.0107215148547176,0.107215148547176,0.0601190071234089,0.0459045235245039,0.100283117270153,2237,224.333333333333,5.93333056466166,0.107215148547176,1,5105,5110105,0.00823533607822702,0.974086084637996,6.27057081468644,0.0259139153620042,2103.36345412994,1.13695198660462e-07,0.000117531831537708,0.986444840553439,8.49787403130581,0.0129923687128238,0.107036435758868,0.203445502911141,0.796554497088859
Steam,steam_addback_k50_from_k5_common_test_20260511_214420,kcore50_addback_from_kcore5_p10_seed43,MultiVAE,168845,10378,775231,0.000442414406094309,0.999557585593906,4.59137670644674,74.6994603969936,,0.012033953640222,0.12033953640222,0.0686322886564691,0.0529570811892066,0.124571598867531,2237,278.666666666667,5.14921511269453,0.12033953640222,1,5105,5110105,0.00802907000295915,0.964923955013515,6.71658930075676,0.0350760449864848,1991.64731962129,8.22750130446434e-06,0.00259875938622266,0.987215658100614,8.65045380787061,0.014832552347942,0.122547840505181,0.199945998615078,0.800054001384922
Steam,steam_addback_k50_from_k5_common_test_20260511_214420,kcore50_addback_from_kcore5_p10_seed43,NeuMF,168845,10378,775231,0.000442414406094309,0.999557585593906,4.59137670644674,74.6994603969936,,0.0095592556317336,0.0955925563173359,0.0527653070767541,0.0399008649057621,0.904336164506035,2237,2023,2.48765636784423,0.0955925563173359,1,5105,5110105,0.00443902094468638,0.739986307509485,9.38728839500262,0.260013692490515,1262.35031668299,0.000240430559236305,0.0957884427032321,0.991900528989737,9.80070917592845,0.011423641472418,0.0982975747761093,0.129077981587102,0.870922018412898
Steam,steam_addback_k50_from_k5_common_test_20260511_214420,kcore50_addback_from_kcore5_p10_seed44,BPR,168780,10422,775231,0.00044071626582078,0.999559283734179,4.59314492238417,74.3840913452312,,0.0120013059092393,0.120013059092393,0.0696918721562888,0.0544517513175692,0.0938757264193116,2237,210,6.85580785192202,0.120013059092393,1,5105,5110105,0.00820785271091305,0.980392919893634,5.84767835791338,0.0196070801063663,2407.99740777016,1.21060448130826e-06,0.000339536402220046,0.984180070825103,8.2730093994015,0.0150417303305059,0.12236429305806,0.224964893641588,0.775035106358412
Steam,steam_addback_k50_from_k5_common_test_20260511_214420,kcore50_addback_from_kcore5_p10_seed44,ItemKNN,168780,10422,775231,0.00044071626582078,0.999559283734179,4.59314492238417,74.3840913452312,,0.0144760039177277,0.144760039177277,0.0809030600812223,0.0615185081541595,0.518104604380867,2237,1159,4.13564928988508,0.144760039177277,1,5105,5110105,0.00580269158173973,0.910115609745592,7.8716719078403,0.0898843902544075,1717.00428991185,7.61641854260322e-05,0.0364936336924584,0.989155771116259,9.10079411705343,0.017533557458181,0.151524370366455,0.183936608667857,0.816063391332143
Steam,steam_addback_k50_from_k5_common_test_20260511_214420,kcore50_addback_from_kcore5_p10_seed44,LightGCN,168780,10422,775231,0.00044071626582078,0.999559283734179,4.59314492238417,74.3840913452312,,0.0104342148220699,0.104342148220699,0.0588570531499601,0.0451100435821298,0.096259871852183,2237,215.333333333333,6.00325668253277,0.104342148220699,1,5105,5110105,0.00827639511815366,0.974845566891977,6.22816949327089,0.0251544331080235,2128.50748285994,2.27864836459395e-07,0.000130590923930787,0.98630513181004,8.48336224131486,0.0127146581454984,0.10439478056832,0.204927573448599,0.795072426551401
Steam,steam_addback_k50_from_k5_common_test_20260511_214420,kcore50_addback_from_kcore5_p10_seed44,MultiVAE,168780,10422,775231,0.00044071626582078,0.999559283734179,4.59314492238417,74.3840913452312,,0.0116487104146262,0.116487104146262,0.067005955689462,0.0520274759158207,0.126955744300402,2237,284,5.14610967210002,0.116487104146262,1,5105,5110105,0.00803300495477522,0.964774233715972,6.72920040985734,0.0352257662840285,1990.07190989226,1.04622840584519e-05,0.00379366634018936,0.987256241659797,8.65812385034971,0.0144788972593711,0.119425039565684,0.199296082352703,0.800703917647297
Steam,steam_addback_k50_from_k5_common_test_20260511_214420,kcore50_addback_from_kcore5_p10_seed44,NeuMF,168780,10422,775231,0.00044071626582078,0.999559283734179,4.59314492238417,74.3840913452312,,0.00847535096310806,0.0847535096310806,0.0468010442765213,0.03534689509714,0.936820146028908,2237,2095.66666666667,2.06373972725907,0.0847535096310806,1,5105,5110105,0.00432588923443322,0.67729630669074,9.74705392102524,0.32270369330926,1095.72384590271,0.000315231639147559,0.127985634998368,0.993062338474836,10.116154904987,0.0101375346326963,0.0882509931098006,0.114833653112131,0.885166346887869
Steam,steam_addback_k50_from_k5_common_test_20260511_214420,kcore50_addback_from_kcore5_p25_seed42,BPR,248551,11620,1226805,0.000424770056749782,0.99957522994325,4.93582805943247,105.577022375215,,0.0123212536728697,0.123212536728697,0.0701396674539273,0.0541258699583871,0.136343316942333,2237,305,6.91263140581246,0.123212536728697,1,5105,5110105,0.0078753201448026,0.980119741427593,5.85382702683817,0.0198802585724074,3928.31545543585,6.24011538951317e-06,0.00357166176950702,0.98228357905751,8.24978684237705,0.015098856818482,0.122536271332305,0.146254461887127,0.853745538112873
Steam,steam_addback_k50_from_k5_common_test_20260511_214420,kcore50_addback_from_kcore5_p25_seed42,ItemKNN,248551,11620,1226805,0.000424770056749782,0.99957522994325,4.93582805943247,105.577022375215,,0.0143780607247796,0.143780607247796,0.0797351162154132,0.0603506521772927,0.501117568171658,2237,1121,3.92982415891063,0.143780607247796,1,5105,5110105,0.00592471429332493,0.905183423475766,7.98579566928359,0.094816576524234,2656.61149853085,7.15986832458943e-05,0.0354946131243879,0.988592983345659,9.18211983304997,0.0172545082087607,0.149927913112529,0.119736564765432,0.880263435234568
Steam,steam_addback_k50_from_k5_common_test_20260511_214420,kcore50_addback_from_kcore5_p25_seed42,LightGCN,248551,11620,1226805,0.000424770056749782,0.99957522994325,4.93582805943247,105.577022375215,,0.0106953966699314,0.106953966699314,0.0612116840150086,0.0473866527784256,0.200417225450752,2237,448.333333333333,4.66483424263261,0.106953966699314,1,5105,5110105,0.00764004838611515,0.953911491519648,7.1192971088464,0.046088508480352,2948.25670257917,4.39059816425524e-06,0.0015932092719556,0.986918727697632,8.76849308703343,0.0132089265340295,0.109908657111137,0.122618538932003,0.877381461067997
Steam,steam_addback_k50_from_k5_common_test_20260511_214420,kcore50_addback_from_kcore5_p25_seed42,MultiVAE,248551,11620,1226805,0.000424770056749782,0.99957522994325,4.93582805943247,105.577022375215,,0.0116356513222331,0.116356513222331,0.0638305596993355,0.0478988594022874,0.194158843689465,2237,434.333333333333,4.41863612870688,0.116356513222331,1,5105,5110105,0.00765410294039718,0.948904465033246,7.26442918181692,0.0510955349667539,2910.77552726086,4.20830408329235e-06,0.00206986614430297,0.987340873461909,8.81551891851646,0.013780764606501,0.115105501238125,0.123532728935639,0.876467271064361
Steam,steam_addback_k50_from_k5_common_test_20260511_214420,kcore50_addback_from_kcore5_p25_seed42,NeuMF,248551,11620,1226805,0.000424770056749782,0.99957522994325,4.93582805943247,105.577022375215,,0.00822069866144303,0.0822069866144303,0.0441008466909268,0.0326310961864341,0.931157800625838,2237,2083,2.00429937106358,0.0822069866144303,1,5105,5110105,0.00434106093749931,0.694584682770417,9.71512278696069,0.305415317229583,1744.67725106105,0.000205669986952329,0.0825073457394711,0.992605417985351,10.0859735782122,0.00953418301995569,0.083211717168134,0.0777905335191167,0.922209466480883
Steam,steam_addback_k50_from_k5_common_test_20260511_214420,kcore50_addback_from_kcore5_p25_seed43,BPR,248244,11572,1226805,0.000427059465199636,0.9995729405348,4.94193213129018,106.014949879018,,0.0119098922624878,0.119098922624878,0.0687998922068532,0.053556892557872,0.138429444196096,2237,309.666666666667,6.65728603137393,0.119098922624878,1,5105,5110105,0.0078628035291439,0.978275764890176,5.99531269509454,0.0217242351098244,3828.33808031342,8.32273981934987e-06,0.00585047339209925,0.98274945003973,8.3149337571811,0.01480952041375,0.120255392719139,0.14320755986678,0.85679244013322
Steam,steam_addback_k50_from_k5_common_test_20260511_214420,kcore50_addback_from_kcore5_p25_seed43,ItemKNN,248244,11572,1226805,0.000427059465199636,0.9995729405348,4.94193213129018,106.014949879018,,0.014515181194907,0.14515181194907,0.0808917169023785,0.0614274054381792,0.507375949932946,2237,1135,3.89512119986153,0.14515181194907,1,5105,5110105,0.00590097529019827,0.904723734083097,8.00012757918637,0.0952762659169031,2645.91412340842,6.93496187569576e-05,0.0352791380999021,0.988619719898555,9.18519406604668,0.0175066871661642,0.15244700661305,0.119202800097802,0.880797199902198
Steam,steam_addback_k50_from_k5_common_test_20260511_214420,kcore50_addback_from_kcore5_p25_seed43,LightGCN,248244,11572,1226805,0.000427059465199636,0.9995729405348,4.94193213129018,106.014949879018,,0.0104276852758733,0.104276852758733,0.0582793856691555,0.0443882177966409,0.194605870958128,2237,435.333333333333,4.71211598474014,0.104276852758733,1,5105,5110105,0.00768463756623855,0.955035133891411,7.08116271041303,0.0449648661085886,2947.971237349,3.3137823580439e-06,0.00103166829905322,0.986911987046405,8.766148527531,0.0125734347226161,0.10459663241634,0.123140073712876,0.876859926287124
Steam,steam_addback_k50_from_k5_common_test_20260511_214420,kcore50_addback_from_kcore5_p25_seed43,MultiVAE,248244,11572,1226805,0.000427059465199636,0.9995729405348,4.94193213129018,106.014949879018,,0.0111067580803134,0.111067580803134,0.0621730094053801,0.0473497038384404,0.208314707197139,2237,466,4.40104954425456,0.111067580803134,1,5105,5110105,0.00755234482382953,0.948439358189642,7.27863934599643,0.0515606418103575,2867.35084557623,7.00085630562866e-06,0.00334965719882468,0.987490903357654,8.85162668396067,0.0134201514735785,0.11197839183879,0.122837447075533,0.877162552924467
Steam,steam_addback_k50_from_k5_common_test_20260511_214420,kcore50_addback_from_kcore5_p25_seed43,NeuMF,248244,11572,1226805,0.000427059465199636,0.9995729405348,4.94193213129018,106.014949879018,,0.00850146914789422,0.0850146914789422,0.0474436801976454,0.0361739191269064,0.927283564297422,2237,2074.33333333333,2.05812531218935,0.0850146914789422,1,5105,5110105,0.00435923890991329,0.701472265263585,9.67103243640461,0.298527734736415,1780.44062030689,0.00019631453184252,0.0806333659810643,0.992396217968432,10.0440995135911,0.0102502346512613,0.0886466268454704,0.078864327653972,0.921135672346028
Steam,steam_addback_k50_from_k5_common_test_20260511_214420,kcore50_addback_from_kcore5_p25_seed44,BPR,248230,11625,1226805,0.000425136417448438,0.999574863582552,4.94221085283809,105.531612903226,,0.0119294809010774,0.119294809010774,0.0702337362399684,0.0553586845555504,0.140664580539413,2237,314.666666666667,6.55180143155302,0.119294809010774,1,5105,5110105,0.00781835199738328,0.977109775331904,6.06058675188391,0.0228902246680963,3777.06761998041,1.23327558525666e-05,0.0093437806072478,0.982973920657516,8.35697535491667,0.0151219199967128,0.123168237113927,0.143302780637787,0.856697219362213
Steam,steam_addback_k50_from_k5_common_test_20260511_214420,kcore50_addback_from_kcore5_p25_seed44,ItemKNN,248230,11625,1226805,0.000425136417448438,0.999574863582552,4.94221085283809,105.531612903226,,0.0146914789422135,0.146914789422135,0.0811514755289712,0.0612303530618908,0.494859186410371,2237,1107,3.91364052716552,0.146914789422135,1,5105,5110105,0.00594435323435669,0.905278468215709,7.98816380462967,0.0947215317842914,2647.06001958864,6.95176808820268e-05,0.0360235063663076,0.988622594407528,9.19029357669747,0.0175644642617861,0.153068221710436,0.119658668054621,0.880341331945379
Steam,steam_addback_k50_from_k5_common_test_20260511_214420,kcore50_addback_from_kcore5_p25_seed44,LightGCN,248230,11625,1226805,0.000425136417448438,0.999574863582552,4.94221085283809,105.531612903226,,0.0104146261834802,0.104146261834802,0.0589007574276589,0.0452826360710788,0.192966770973029,2237,431.666666666667,4.72176793894962,0.104146261834802,1,5105,5110105,0.00769374227000394,0.955454367535183,7.0696186046776,0.0445456324648171,2950.40578517793,4.09925264201079e-06,0.00120796604635978,0.98698534853918,8.76901036086382,0.0127076045627467,0.105702058709071,0.123379284496844,0.876620715503156
Steam,steam_addback_k50_from_k5_common_test_20260511_214420,kcore50_addback_from_kcore5_p25_seed44,MultiVAE,248230,11625,1226805,0.000425136417448438,0.999574863582552,4.94221085283809,105.531612903226,,0.0115050603983023,0.115050603983023,0.0644531860067019,0.049173934673445,0.22336462524214,2237,499.666666666667,4.14214335854885,0.115050603983023,1,5105,5110105,0.00746572261825525,0.942442263356084,7.44362883585068,0.0575577366439159,2766.69939928175,7.50113325026176e-06,0.00345412993796931,0.98795806540773,8.9141799556654,0.0139174067980775,0.116576339932201,0.120491666598969,0.879508333401031
Steam,steam_addback_k50_from_k5_common_test_20260511_214420,kcore50_addback_from_kcore5_p25_seed44,NeuMF,248230,11625,1226805,0.000425136417448438,0.999574863582552,4.94221085283809,105.531612903226,,0.00795298726738492,0.0795298726738492,0.0426271930407459,0.0315432530613725,0.927134555207868,2237,2074,1.98620748369223,0.0795298726738492,1,5105,5110105,0.00434000108135936,0.693108836034657,9.71977156513367,0.306891163965343,1716.46561540973,0.000200802098197203,0.0789879203395364,0.992737675742333,10.1040676374514,0.00921419453464824,0.0799275071751287,0.0771230582081751,0.922876941791825
Steam,steam_addback_k50_from_k5_common_test_20260511_214420,kcore50_addback_from_kcore5_p50_seed42,BPR,278214,11941,1979429,0.000595827096813622,0.999404172903186,7.11477136305146,165.767439912905,,0.0118250081619327,0.118250081619327,0.0687024468554946,0.0537047660505055,0.295932051855163,2237,662,5.07083170392855,0.118250081619327,1,5105,5110105,0.00689214865432698,0.955603890348533,6.99687594388302,0.0443961096514672,5229.24788769181,4.66356969333627e-05,0.0207900750897813,0.979042012031915,8.77300185609706,0.0146521780403439,0.121903153727835,0.094119534886791,0.905880465113209
Steam,steam_addback_k50_from_k5_common_test_20260511_214420,kcore50_addback_from_kcore5_p50_seed42,ItemKNN,278214,11941,1979429,0.000595827096813622,0.999404172903186,7.11477136305146,165.767439912905,,0.0148090107737512,0.148090107737512,0.0833483871000138,0.0635671532733237,0.522127849798838,2237,1168,3.76659760093601,0.148090107737512,1,5105,5110105,0.00582087124450151,0.901021315013203,8.07097178277961,0.0989786849867972,4198.90135161606,8.25165640220001e-05,0.0311851126346719,0.98376970117443,9.23862039823912,0.0179001410616374,0.157701936734409,0.0847189827167492,0.915281017283251
Steam,steam_addback_k50_from_k5_common_test_20260511_214420,kcore50_addback_from_kcore5_p50_seed42,LightGCN,278214,11941,1979429,0.000595827096813622,0.999404172903186,7.11477136305146,165.767439912905,,0.0117401240613777,0.117401240613777,0.0673619227188348,0.0521981769092445,0.373416778423484,2237,835.333333333333,4.06697082138098,0.117401240613777,1,5105,5110105,0.00671600652383595,0.926621952264219,7.72182963599844,0.0733780477357811,4629.69067580803,1.39987752431846e-05,0.00328436173685929,0.981342478958919,8.89502339332097,0.0143894855944985,0.121034686298813,0.0856710169526841,0.914328983047316
Steam,steam_addback_k50_from_k5_common_test_20260511_214420,kcore50_addback_from_kcore5_p50_seed42,MultiVAE,278214,11941,1979429,0.000595827096813622,0.999404172903186,7.11477136305146,165.767439912905,,0.0116421808684296,0.116421808684296,0.0646548479979591,0.0489232726500111,0.289375651914767,2237,647.333333333333,4.05923871928367,0.116421808684296,1,5105,5110105,0.0071097009171069,0.934782367189588,7.60241961045958,0.0652176328104122,4463.35881162259,1.62142124956923e-05,0.00639242572641201,0.98248944639353,8.96277771235013,0.0138294135823987,0.116914536858339,0.0863921440893737,0.913607855910626
Steam,steam_addback_k50_from_k5_common_test_20260511_214420,kcore50_addback_from_kcore5_p50_seed42,NeuMF,278214,11941,1979429,0.000595827096813622,0.999404172903186,7.11477136305146,165.767439912905,,0.00846882141691153,0.0846882141691152,0.0465333910297171,0.0351103286020034,0.939353300551334,2237,2101.33333333333,1.95003834483941,0.0846882141691152,1,5105,5110105,0.0043125017649514,0.675525734278379,9.78034729658727,0.324474265721621,2768.13830884754,0.000216192139827795,0.0626314071172054,0.98953398761745,10.1819767582761,0.00996639700533267,0.0874353840455541,0.0556778779978859,0.944322122002114
Steam,steam_addback_k50_from_k5_common_test_20260511_214420,kcore50_addback_from_kcore5_p50_seed43,BPR,278117,11927,1979429,0.000596734535999612,0.999403265464,7.11725281086737,165.962018948604,,0.0117335945151812,0.117335945151812,0.0684533825426929,0.0535805751182833,0.303978542691104,2237,680,5.15988907659801,0.117335945151812,1,5105,5110105,0.00684883779670916,0.956440740573674,6.95234045748584,0.0435592594263263,5283.22579823702,4.41155903384529e-05,0.0234410708455762,0.978863931683956,8.75401877535831,0.0145957527316595,0.121498716362245,0.0948677962361163,0.905132203763884
Steam,steam_addback_k50_from_k5_common_test_20260511_214420,kcore50_addback_from_kcore5_p50_seed43,ItemKNN,278117,11927,1979429,0.000596734535999612,0.999403265464,7.11725281086737,165.962018948604,,0.0151616062683643,0.151616062683643,0.0836904462236995,0.063150583772523,0.524810013410818,2237,1174,3.74708090206487,0.151616062683643,1,5105,5110105,0.0058546327827369,0.900342411504104,8.08203074438435,0.0996575884958956,4192.52632713026,8.50661770698289e-05,0.0316356513222331,0.98374602806096,9.2343226209057,0.017977808333407,0.158691336057293,0.0845039707626375,0.915496029237362
Steam,steam_addback_k50_from_k5_common_test_20260511_214420,kcore50_addback_from_kcore5_p50_seed43,LightGCN,278117,11927,1979429,0.000596734535999612,0.999403265464,7.11725281086737,165.962018948604,,0.0115768854064643,0.115768854064643,0.065667387832633,0.0504575605408123,0.354045596781404,2237,792,4.02451358898261,0.115768854064643,1,5105,5110105,0.0067924265561888,0.927865794328595,7.71254210604901,0.0721342056714055,4597.00092719556,1.34841120000562e-05,0.00344760039177277,0.981562819143408,8.89929002756831,0.0140294181815763,0.117985466305337,0.0855133836293169,0.914486616370683
Steam,steam_addback_k50_from_k5_common_test_20260511_214420,kcore50_addback_from_kcore5_p50_seed43,MultiVAE,278117,11927,1979429,0.000596734535999612,0.999403265464,7.11725281086737,165.962018948604,,0.0121580150179563,0.121580150179563,0.068663990311302,0.0526093828542408,0.305915660855312,2237,684.333333333333,4.03599293972557,0.121580150179563,1,5105,5110105,0.00699395921475833,0.933907016868634,7.61917521706023,0.0660929831313656,4464.67925563173,1.81786845707949e-05,0.00643160300359125,0.982328853572327,8.95862507715923,0.0146867419086276,0.124141742455086,0.0864003089005507,0.913599691099449
Steam,steam_addback_k50_from_k5_common_test_20260511_214420,kcore50_addback_from_kcore5_p50_seed43,NeuMF,278117,11927,1979429,0.000596734535999612,0.999403265464,7.11725281086737,165.962018948604,,0.00822722820763957,0.0822722820763957,0.0450639700488834,0.033892490503656,0.949187900461928,2237,2123.33333333333,1.74632763321411,0.0822722820763957,1,5105,5110105,0.00427902870395671,0.649495390423487,9.9471266527922,0.350504609576513,2569.96035259549,0.000236380982213799,0.0693176624224616,0.990305819258407,10.3159641687908,0.00965157146946521,0.0849077482354888,0.0530895476218308,0.946910452378169
Steam,steam_addback_k50_from_k5_common_test_20260511_214420,kcore50_addback_from_kcore5_p50_seed44,BPR,278070,11940,1979429,0.00059618557659252,0.999403814423408,7.11845578451469,165.781323283082,,0.0120274240940255,0.120274240940255,0.0686952397679268,0.0530916883022662,0.310832960810609,2237,695.333333333333,5.06458758718981,0.120274240940255,1,5105,5110105,0.00682407909796993,0.954405127547215,7.01234598396838,0.0455948724527854,5202.1032647731,4.38765570338674e-05,0.0226640548481881,0.979153214595719,8.78829189993017,0.0146520064648175,0.12192873293958,0.0943624535442377,0.905637546455762
Steam,steam_addback_k50_from_k5_common_test_20260511_214420,kcore50_addback_from_kcore5_p50_seed44,ItemKNN,278070,11940,1979429,0.00059618557659252,0.999403814423408,7.11845578451469,165.781323283082,,0.0148285994123408,0.148285994123408,0.0831489783768368,0.0633686239758718,0.518551631649531,2237,1160,3.77276791012606,0.148285994123408,1,5105,5110105,0.00584956876580559,0.901149529964579,8.06970125319744,0.0988504700354207,4216.77516160627,8.23627731397662e-05,0.0307541625857003,0.983686422305179,9.23404719278529,0.017856611910593,0.157604518519798,0.0847678661499641,0.915232133850036
Steam,steam_addback_k50_from_k5_common_test_20260511_214420,kcore50_addback_from_kcore5_p50_seed44,LightGCN,278070,11940,1979429,0.00059618557659252,0.999403814423408,7.11845578451469,165.781323283082,,0.0118837740777016,0.118837740777016,0.0678826044601281,0.052418989578637,0.360005960363582,2237,805.333333333333,4.03989733716138,0.118837740777016,1,5105,5110105,0.00676772628356188,0.927446128689813,7.71579211730987,0.0725538713101866,4629.36563499837,1.28630267451808e-05,0.0031211230819458,0.981303933230051,8.88351408619332,0.0145083795777999,0.122328200674482,0.0859916279136911,0.914008372086309
Steam,steam_addback_k50_from_k5_common_test_20260511_214420,kcore50_addback_from_kcore5_p50_seed44,MultiVAE,278070,11940,1979429,0.00059618557659252,0.999403814423408,7.11845578451469,165.781323283082,,0.0125693764283382,0.125693764283382,0.0718887549173369,0.05552650943934,0.283266279243034,2237,633.666666666667,4.1377320403924,0.125693764283382,1,5105,5110105,0.00711607771486573,0.936204810001694,7.56569058875822,0.0637951899983058,4557.91692458374,1.38767043514884e-05,0.00541952334312765,0.981967432201763,8.92145194367019,0.0153811350405494,0.130416782626565,0.0870761830213441,0.912923816978656
Steam,steam_addback_k50_from_k5_common_test_20260511_214420,kcore50_addback_from_kcore5_p50_seed44,NeuMF,278070,11940,1979429,0.00059618557659252,0.999403814423408,7.11845578451469,165.781323283082,,0.00825987593862227,0.0825987593862227,0.0457323436626929,0.0346721753234976,0.932796900610937,2237,2086.66666666667,1.8571684360122,0.0825987593862227,1,5105,5110105,0.00432758612130553,0.675057766927278,9.83679960183863,0.324942233072722,2702.94175644793,0.000194920211508968,0.0556186745021221,0.989773937024844,10.1993701898506,0.00979030110636767,0.0858100072953775,0.0547968647934079,0.945203135206592
Steam,steam_addback_k50_from_k5_common_test_20260511_214420,kcore50_plain,BPR,5105,2237,474181,0.0415223971169587,0.958477602883041,92.8856023506366,211.971837282074,,0.0125367286973555,0.125367286973555,0.0721742234835038,0.0560461524908146,0.32856504246759,2237,735,4.79430526711439,0.125367286973555,1,5105,5110105,0.00671777869936266,0.948050965486914,7.20644987109297,0.0519490345130861,1161.66880182827,0.00101138436017916,0.0188769180541952,0.753939555328137,8.75864317563559,0.0107081178512593,0.131364373256515,0.322202741784307,0.677797258215693
Steam,steam_addback_k50_from_k5_common_test_20260511_214420,kcore50_plain,ItemKNN,5105,2237,474181,0.0415223971169587,0.958477602883041,92.8856023506366,211.971837282074,,0.0142213516160627,0.142213516160627,0.0798886104970554,0.0609606206178194,0.563701385784533,2237,1261,4.4216171052662,0.142213516160627,1,5105,5110105,0.005596518988209,0.915662373132439,7.71706380082527,0.084337626867561,1071.10166503428,0.00229688268452573,0.0441919686581783,0.776508173963584,8.99729353788593,0.0123734101569466,0.149459278204809,0.308274571902796,0.691725428097204
Steam,steam_addback_k50_from_k5_common_test_20260511_214420,kcore50_plain,LightGCN,5105,2237,474181,0.0415223971169587,0.958477602883041,92.8856023506366,211.971837282074,,0.0122428991185113,0.122428991185113,0.0715209241244649,0.0560130642745726,0.215914170764417,2237,483,5.23687338434963,0.122428991185113,1,5105,5110105,0.00733717957443867,0.962811283417727,6.78430863329825,0.0371887165822729,1214.1345870062,0.000620809067752348,0.0155337904015671,0.743005169513683,8.65807675442143,0.0105234240300653,0.129478967949811,0.336825690494908,0.663174309505092
Steam,steam_addback_k50_from_k5_common_test_20260511_214420,kcore50_plain,MultiVAE,5105,2237,474181,0.0415223971169587,0.958477602883041,92.8856023506366,211.971837282074,,0.0118576558929154,0.118576558929154,0.0665518466578159,0.0508538677196855,0.0630308448815378,2237,141,7.53216649445999,0.118576558929154,1,5105,5110105,0.00847510042896144,0.984132858313913,5.49801219468508,0.0158671416860875,1470.20417238002,2.84497087673478e-06,0.000137120470127326,0.690736245498379,8.26170719731263,0.00945597186989657,0.118263523860507,0.39670715979541,0.60329284020459
Steam,steam_addback_k50_from_k5_common_test_20260511_214420,kcore50_plain,NeuMF,5105,2237,474181,0.0415223971169587,0.958477602883041,92.8856023506366,211.971837282074,,0.0114985308521058,0.114985308521058,0.0659962945977852,0.0511494333286694,0.842497392340933,2237,1884.66666666667,3.0376486574059,0.114985308521058,1,5105,5110105,0.00460930629009221,0.793208612287509,8.97615509115426,0.206791387712491,856.079288279465,0.00577273588254641,0.0886842964413973,0.819931906014106,9.51825228078643,0.0100886176736514,0.12289306638139,0.237723512333248,0.762276487666752
Last.fm,lastfm_addback_1seed_seed42_final_20260524_130410,kcore50_addback_from_kcore5_p10_seed42,BPR,12550,435634,7764329,0.0014201637922341586,0.9985798362077658,618.6716334661354,17.82305559253869,,0.003334036716606879,0.03334036716606879,0.018483899035740905,0.013981375415749757,0.09175441311311842,432971.0,39727.0,4.3490998317848355,0.03334036716606879,,,,0.0002245078152748228,0.9454125729287951,14.843975420765084,0.0545874270712049,224.1715024266723,0.0020907277017060293,0.13024899767883522,0.9799178495728534,15.648321378467363,0.003922375325621772,0.060676732420631006,0.06137592955372546,0.9386240704462747
Last.fm,lastfm_addback_1seed_seed42_final_20260524_130410,kcore50_addback_from_kcore5_p10_seed42,ItemKNN,12550,435634,7764329,0.0014201637922341586,0.9985798362077658,618.6716334661354,17.82305559253869,,0.0027853977632411905,0.027853977632411903,0.02431246161221027,0.023197036076863044,0.08862487325940999,432971.0,38372.0,5.099388682081661,0.027853977632411903,,,,0.00023101458963048195,0.9522224155269283,14.603460203985207,0.04777758447307168,109.25947457269467,0.0015415835227203807,0.49545262713652666,0.9900960007323908,18.00083573944613,0.0052488168357582785,0.08585126532206655,0.02194246566383916,0.9780575343361608
Last.fm,lastfm_addback_1seed_seed42_final_20260524_130410,kcore50_addback_from_kcore5_p10_seed42,LightGCN,12550,435634,7764329,0.0014201637922341586,0.9985798362077658,618.6716334661354,17.82305559253869,,0.0040198354083139905,0.0401983540831399,0.022426215848047135,0.017078732034418887,0.1016834845751794,432971.0,44026.0,4.0440589649783805,0.0401983540831399,,,,0.00020614509596231302,0.9373313110514898,15.02692323749092,0.06266868894851019,206.10569740451575,0.002027733090721483,0.1742667229373286,0.9815690984362098,16.016350446430526,0.004804900779269996,0.07870326826023172,0.05655599990305588,0.9434440000969442
Last.fm,lastfm_addback_1seed_seed42_final_20260524_130410,kcore50_addback_from_kcore5_p10_seed42,NeuMF,12550,435634,7764329,0.0014201637922341586,0.9985798362077658,618.6716334661354,17.82305559253869,,0.005328128297109095,0.05328128297109095,0.028971110574547317,0.02165118386103826,0.11206755186836993,432971.0,48522.0,3.4805016588422966,0.05328128297109095,,,,0.00018982101323815695,0.924174055126029,15.293963089032008,0.07582594487397099,164.9728634733066,0.002983086581383413,0.21955053808820427,0.9864759896527657,16.224309152684533,0.006241742437159303,0.10294261869652592,0.05118658510299667,0.9488134148970034
Last.fm,lastfm_addback_1seed_seed42_final_20260524_130410,kcore50_addback_from_kcore5_p10_seed42,MultiVAE,12550,435634,7764329,0.0014201637922341586,0.9985798362077658,618.6716334661354,17.82305559253869,,0.0023000633044946194,0.023000633044946192,0.013063344925059459,0.010043643257401435,0.020728870986740453,432971.0,8975.0,8.925295415357471,0.023000633044946192,,,,0.0006089312996448958,0.9888372402853921,12.594203579567681,0.011162759714607895,406.17953154673984,1.6848237899462416e-06,0.015055918970246886,0.9620372895561983,14.252313942165884,0.0027212467500651407,0.03939310289119598,0.07685674053416805,0.9231432594658319
Last.fm,lastfm_addback_1seed_seed42_final_20260524_130410,kcore50_addback_from_kcore5_p25_seed42,BPR,12807,582451,8910274,0.0011944947752667121,0.99880550522473333,695.7346763488717,15.297894586840782,,0.006518468995487214,0.06518468995487214,0.03215755350348433,0.02234101117186526,0.08652776798959033,581767.0,50339.0,4.46256628143338,0.06518468995487214,,,,0.00017733574063469117,0.9484137611419963,15.190406479220243,0.05158623885800373,198.42557245529002,0.0001533216359843901,0.07243857596523483,0.9825139114026762,16.01613912954745,0.0069097014524074135,0.11685422196852467,0.05250219316217797,0.9474978068378219
Last.fm,lastfm_addback_1seed_seed42_final_20260524_130410,kcore50_addback_from_kcore5_p25_seed42,ItemKNN,12807,582451,8910274,0.0011944947752667121,0.99880550522473333,695.7346763488717,15.297894586840782,,0.01205081063011867,0.12050810630118669,0.08654926080981108,0.07586753738767778,0.07562305871594642,581767.0,43995.0,5.818863785149429,0.12050810630118669,,,,0.0001983506914143719,0.962199901459675,14.693136724169092,0.037800098540324956,89.51100618418853,0.00027046779075160264,0.5078221627945847,0.9917309814851661,18.507015824545437,0.01890764820269058,0.3506488477558154,0.016133670731483796,0.9838663292685162
Last.fm,lastfm_addback_1seed_seed42_final_20260524_130410,kcore50_addback_from_kcore5_p25_seed42,LightGCN,12807,582451,8910274,0.0011944947752667121,0.99880550522473333,695.7346763488717,15.297894586840782,,0.009259568778204913,0.09259568778204914,0.048500673533836906,0.03526774936393856,0.09848788260592299,581767.0,57297.0,4.119023679767194,0.09259568778204914,,,,0.00015905031552035563,0.9389906294760209,15.407760578148,0.061009370523979145,179.12784556242687,0.00016647196782531432,0.1415343473173993,0.9842893635289721,16.491946160078523,0.010502797207610014,0.18427422706895813,0.04593422294478711,0.9540657770552129
Last.fm,lastfm_addback_1seed_seed42_final_20260524_130410,kcore50_addback_from_kcore5_p25_seed42,NeuMF,12807,582451,8910274,0.0011944947752667121,0.99880550522473333,695.7346763488717,15.297894586840782,,0.01164131706501755,0.1164131706501755,0.06063477659788874,0.04386220614492385,0.11093100846215065,581767.0,64536.0,3.5343526969720123,0.1164131706501755,,,,0.00014340506178479537,0.9249485586447065,15.696183132414507,0.07505144135529351,139.95259903058667,0.00037751003911488994,0.16579475179675748,0.9887668797771604,16.791980834977803,0.013185780789544937,0.23576043545576802,0.04177147489112423,0.9582285251088757
Last.fm,lastfm_addback_1seed_seed42_final_20260524_130410,kcore50_addback_from_kcore5_p25_seed42,MultiVAE,12807,582451,8910274,0.0011944947752667121,0.99880550522473333,695.7346763488717,15.297894586840782,,0.003083737255557413,0.030837372555574127,0.01749572093050676,0.013450709550074417,0.028506257659853516,581767.0,16584.0,7.853368506573462,0.030837372555574127,,,,0.0003924598650679306,0.9851833267749464,13.470372192691288,0.014816673225053645,334.0004512786228,1.905864746359132e-06,0.01307036603710513,0.9694104731239376,14.796153806628302,0.0036823651344479492,0.05499183420232144,0.06823235507333505,0.9317676449266649
Last.fm,lastfm_addback_1seed_seed42_final_20260524_130410,kcore50_addback_from_kcore5_p50_seed42,BPR,12872,632406,10820183,0.0013292069188184483,0.99867079308118156,840.5984307022995,17.109551459031067,,0.013189655172413795,0.13189655172413794,0.06497160458345641,0.044985227894710655,0.09882749982603856,632324.0,62491.0,4.141782076165984,0.13189655172413794,,,,0.00014617293716063053,0.9387273169640563,15.526226143933046,0.06127268303594369,174.91383228840127,0.0001630866903658957,0.06512539184952978,0.9845756611271594,16.595126799711277,0.014095962228408582,0.25268522298974866,0.04653883396730769,0.9534611660326923
Last.fm,lastfm_addback_1seed_seed42_final_20260524_130410,kcore50_addback_from_kcore5_p50_seed42,ItemKNN,12872,632406,10820183,0.0013292069188184483,0.99867079308118156,840.5984307022995,17.109551459031067,,0.039608150470219435,0.39608150470219433,0.2904467843176359,0.2568222247101557,0.08964075379077814,632324.0,56682.0,5.43841135864671,0.39608150470219433,,,,0.0001589006358538593,0.9523385053444795,15.07144029684018,0.0476614946555205,78.84780564263323,0.0003471062164266205,0.44177115987460813,0.9928715365857261,18.746030748016462,0.06370305396865804,1.2363941620869274,0.014207948724453249,0.9857920512755468
Last.fm,lastfm_addback_1seed_seed42_final_20260524_130410,kcore50_addback_from_kcore5_p50_seed42,LightGCN,12872,632406,10820183,0.0013292069188184483,0.99867079308118156,840.5984307022995,17.109551459031067,,0.015689655172413795,0.15689655172413794,0.08177100922927936,0.059160571229536746,0.10838905371296993,632324.0,68537.0,3.8804804302762195,0.15689655172413794,,,,0.00013481942211515034,0.9301240115309635,15.69282584124002,0.06987598846903653,159.4742946708464,0.00018872864138449962,0.13628526645768024,0.9859752951412695,17.002940376192914,0.017791492772870916,0.32379330740528156,0.04026084395715362,0.9597391560428463
Last.fm,lastfm_addback_1seed_seed42_final_20260524_130410,kcore50_addback_from_kcore5_p50_seed42,NeuMF,12872,632406,10820183,0.0013292069188184483,0.99867079308118156,840.5984307022995,17.109551459031067,,0.021167711598746083,0.2116771159874608,0.11419739486152962,0.08469631661442005,0.1231473105559808,632324.0,77869.0,3.307132662244025,0.2116771159874608,,,,0.00012002343764766663,0.9130002789435774,15.993721425520267,0.08699972105642262,122.54010971786835,0.00030018996219021403,0.10558777429467087,0.9900855080804637,17.340483389987817,0.02493361841843037,0.4597519017680755,0.037876365440673215,0.9621236345593268
Last.fm,lastfm_addback_1seed_seed42_final_20260524_130410,kcore50_addback_from_kcore5_p50_seed42,MultiVAE,12872,632406,10820183,0.0013292069188184483,0.99867079308118156,840.5984307022995,17.109551459031067,,0.0038244514106583077,0.03824451410658307,0.021527895726278744,0.016422009503906054,0.03448390382145862,632324.0,21805.0,7.103942434537127,0.03824451410658307,,,,0.0003235474057952239,0.9817279074710034,13.891374317979608,0.018272092528996642,298.87923197492165,3.243475173995309e-06,0.009835423197492164,0.9727733014106023,15.249397385031985,0.004553738782325826,0.07014694130780005,0.0669312590682086,0.9330687409317914
Last.fm,lastfm_addback_1seed_seed42_final_20260524_130410,kcore50_addback_from_kcore5_p100_seed42,BPR,12875,637236,14640001,0.001784405551962977,0.99821559444803698,1137.0874563106795,22.97422148152333,,0.027506265664160406,0.275062656641604,0.16108144952438547,0.1263947007896726,0.1175259446879497,637221.0,74890.0,3.981698117411518,0.275062656641604,,,,0.00013130794541053954,0.9211766188558411,15.831795839359312,0.07882338114415888,153.11188909774438,0.00023787294654419993,0.06130169172932331,0.9863592391857767,17.272526722965736,0.03464356575397296,0.5942789150868214,0.045614256228801525,0.9543857437711986
Last.fm,lastfm_addback_1seed_seed42_final_20260524_130410,kcore50_addback_from_kcore5_p100_seed42,ItemKNN,12875,637236,14640001,0.001784405551962977,0.99821559444803698,1137.0874563106795,22.97422148152333,,0.0637922932330827,0.6379229323308271,0.5145676705961968,0.47516406964832714,0.10974999254575728,637221.0,69935.0,4.958864806775616,0.6379229323308271,,,,0.00013480620987057134,0.9338448166254741,15.48210857106239,0.06615518337452586,75.37990288220553,0.0005721447945839325,0.3951206140350877,0.9933747123401275,18.940871576817383,0.11224890237312993,2.1279969728459625,0.0156528963135866,0.9843471036864134
Last.fm,lastfm_addback_1seed_seed42_final_20260524_130410,kcore50_addback_from_kcore5_p100_seed42,LightGCN,12875,637236,14640001,0.001784405551962977,0.99821559444803698,1137.0874563106795,22.97422148152333,,0.028015350877192983,0.28015350877192985,0.16473744319241648,0.12947662434856982,0.12052647354685424,637221.0,76802.0,3.8891784452547986,0.28015350877192985,,,,0.00012817743977871024,0.9179590821045329,15.883586153628684,0.08204091789546708,145.98644266917293,0.00028276901318637944,0.10892073934837093,0.986923527163526,17.43131476824097,0.03545329575305623,0.6084598684406674,0.039798967821941936,0.9602010321780581
Last.fm,lastfm_addback_1seed_seed42_final_20260524_130410,kcore50_addback_from_kcore5_p100_seed42,NeuMF,12875,637236,14640001,0.001784405551962977,0.99821559444803698,1137.0874563106795,22.97422148152333,,0.03099937343358396,0.3099937343358396,0.18076294839498755,0.1413720312686478,0.13374951547422323,637221.0,85228.0,3.319046020682033,0.3099937343358396,,,,0.00011581431300239108,0.9014784203030416,16.137488622046746,0.0985215796969584,114.1451519423559,0.0002937906582606926,0.06759085213032581,0.9907021844742873,17.750018900609675,0.0392062850130044,0.6940006979021691,0.04155382483004079,0.9584461751699592
Last.fm,lastfm_addback_1seed_seed42_final_20260524_130410,kcore50_addback_from_kcore5_p100_seed42,MultiVAE,12875,637236,14640001,0.001784405551962977,0.99821559444803698,1137.0874563106795,22.97422148152333,,0.015460526315789475,0.15460526315789475,0.09397261470587977,0.07543983967856148,0.052236194350154815,637221.0,33286.0,6.093364625309083,0.15460526315789475,,,,0.0002783830805036732,0.9718276571099662,14.50126200290698,0.028172342890033786,255.54844924812028,1.150037358382858e-05,0.007542293233082708,0.9768164329299632,16.00040345173261,0.019850245369001575,0.31636352282237845,0.06650050689293278,0.9334994931070673
Last.fm,lastfm_addback_1seed_seed42_final_20260524_130410,kcore50_plain,BPR,10378,58229,7000365,0.011584243735983817,0.98841575626401623,674.5389285026016,120.22128149204005,,0.01965035648012501,0.1965035648012501,0.10469074552791893,0.07699098684302316,0.561980490485677,58228.0,32723.0,1.9595406210285964,0.1965035648012501,,,,0.00031225644336330317,0.7091207155236827,14.333712415078171,0.2908792844763173,301.9722433831429,0.003318727521398072,0.11783377282937788,0.9689407936307439,14.94524539743133,0.022078439951503267,0.33898228445590955,0.11025535798913826,0.8897446420108617
Last.fm,lastfm_addback_1seed_seed42_final_20260524_130410,kcore50_plain,ItemKNN,10378,58229,7000365,0.011584243735983817,0.98841575626401623,674.5389285026016,120.22128149204005,,0.05313995507373766,0.5313995507373767,0.3555838726677774,0.3011286211916156,0.7034759909321976,58228.0,40962.0,1.676661867359163,0.5313995507373767,,,,0.0002374621482650933,0.5789634800464155,14.84153062638201,0.4210365199535845,206.41559722629162,0.0052250443874105774,0.26747729270436565,0.9799854544765859,15.609559829255991,0.07653666253782013,1.23147997091814,0.07086824622952888,0.9291317537704713
Last.fm,lastfm_addback_1seed_seed42_final_20260524_130410,kcore50_plain,LightGCN,10378,58229,7000365,0.011584243735983817,0.98841575626401623,674.5389285026016,120.22128149204005,,0.02070514698701045,0.2070514698701045,0.11224824923922026,0.08360462718798493,0.5395514185615168,58228.0,31417.0,2.10597902738121,0.2070514698701045,,,,0.0003245067103254392,0.7307183555178368,14.215984360986607,0.2692816444821632,320.59032132044143,0.0027487202849364304,0.09935540580134779,0.9665040875177616,14.815161790827322,0.02361967826543558,0.36128428888134595,0.11600644662952934,0.8839935533704707
Last.fm,lastfm_addback_1seed_seed42_final_20260524_130410,kcore50_plain,NeuMF,10378,58229,7000365,0.011584243735983817,0.98841575626401623,674.5389285026016,120.22128149204005,,0.02050004883289384,0.20500048832893839,0.10735129834737778,0.0779027279759773,0.6426633234869822,58228.0,37421.0,1.4290175287525786,0.20500048832893839,,,,0.00027336530735794126,0.6257047439986826,14.733723185717407,0.3742952560013174,232.97116905947846,0.004158464686307002,0.1498095517140346,0.9769867936415753,15.29102587243776,0.02290414735102923,0.35774617808619524,0.09937469060077983,0.9006253093992201
Last.fm,lastfm_addback_1seed_seed42_final_20260524_130410,kcore50_plain,MultiVAE,10378,58229,7000365,0.011584243735983817,0.98841575626401623,674.5389285026016,120.22128149204005,,0.01077253638050591,0.1077253638050591,0.06001610296136522,0.04560038880284998,0.19585079343271278,58228.0,11404.0,3.494910257479607,0.1077253638050591,,,,0.0008510953990779874,0.916538202978371,12.648098507312861,0.08346179702162904,465.6192694599082,0.0002728236179814004,0.00753979880847739,0.9509282074071952,14.038539542855647,0.01222619784696648,0.17780237103591165,0.15998350833648822,0.8400164916635118
